Pokemon,Type 1,Type 2,Evolution's Types,First Stage,Evolutions,Final Evolution,Legendary,Starter,Egg Group 1,Egg Group 2,DEX Number,HP,Attack,Defense,Sp. Attack,Sp. Defense,Speed,Baste Stat Total,Average
Abomasnow,Grass,Ice,,,0,Y,,,Monster,Grass,#460,90,92,75,92,85,60,494,82.33
Abra,Psychic,,,Y,2,,,,Human-Like,,#063,25,20,15,105,55,90,310,51.67
Absol,Dark,,,Y,-,Y,,,Field,,#359,65,130,60,75,60,75,465,77.5
Accelgor,Bug,,,,0,Y,,,Bug,,#617,80,70,40,100,60,145,495,82.5
Aegislash (Blade Forme),Steel,Ghost,,,0,Y,,,,,#681,60,150,50,150,50,60,520,86.67
Aegislash (Shield Forme),Steel,Ghost,,,0,Y,,,,,#681,60,50,150,50,150,60,520,86.67
Aerodactyl,Rock,Flying,,,-,Y,,,,,#142,80,105,65,60,75,130,515,85.83
Aggron,Steel,Rock,,,0,Y,,,Monster,,#306,70,110,180,60,60,50,530,88.33
Aipom,Normal,,,Y,1,,,,Field,,#190,55,70,55,40,55,85,360,60
Alakazam,Psychic,,,,0,Y,,,,,#065,55,50,45,135,95,120,500,83.33
Alomomola,Water,,,Y,-,Y,,,Water 1,Water 2,#594,165,75,80,40,45,65,470,78.33
Altaria,Dragon,Flying,,,0,Y,,,Flying,Dragon,#334,75,70,90,70,105,80,490,81.67
Amaura,Rock,Ice,,Y,1,,,,Monster,,#698,77,59,50,67,63,46,362,60.33
Ambipom,Normal,,,,0,Y,,,Field,,#424,75,100,66,60,66,115,482,80.33
Amoonguss,Grass,Poison,,,0,Y,,,Grass,,#591,114,85,70,85,80,30,464,77.33
Ampharos,Electric,,,,0,Y,,,Monster,Field,#181,90,75,85,115,90,55,510,85
Anorith,Rock,Bug,,Y,1,,,,Water 3,,#347,45,95,50,40,50,75,355,59.17
Araquanid,Water,Bug,,,0,Y,,,Water 1,Bug,#752,68,70,92,50,132,42,454,75.67
Arbok,Poison,,,,0,Y,,,Field,Dragon,#024,60,95,69,65,79,80,448,74.67
Arcanine,Fire,,,,0,Y,,,,,#059,90,110,80,100,80,95,555,92.5
Arceus,Normal,,,,-,Y,Y,,,,#493,120,120,120,120,120,120,720,120
Archen,Rock,Flying,,Y,1,,,,Flying,Water 3,#566,55,112,45,74,45,70,401,66.83
Archeops,Rock,Flying,,,0,Y,,,,,#567,75,140,65,112,65,110,567,94.5
Ariados,Bug,Poison,,,0,Y,,,Bug,,#168,70,90,70,60,70,40,400,66.67
Armaldo,Rock,Bug,,,0,Y,,,,,#348,75,125,100,70,80,45,495,82.5
Aromatisse,Fairy,,,,0,Y,,,Fairy,,#683,101,72,72,99,89,29,462,77
Aron,Steel,Rock,Steel,Y,2,,,,Monster,,#304,50,70,100,40,40,30,330,55
Articuno,Ice,Flying,,,-,Y,Y,,,,#144,90,85,100,95,125,85,580,96.67
Ash-Greninja,Water,Dark,,,0,Y,,,,,#658,72,145,67,153,71,132,640,106.67
Audino,Normal,,Normal Fairy,Y,-,Y,,,Fairy,,#531,103,60,86,60,86,50,445,74.17
Aurorus,Rock,Ice,,,0,Y,,,,,#699,123,77,72,99,92,58,521,86.83
Avalugg,Ice,,,,0,Y,,,Monster,,#713,95,117,184,44,46,28,514,85.67
Axew,Dragon,,,Y,2,,,,Monster,Dragon,#610,46,87,60,30,40,57,320,53.33
Azelf,Psychic,,,,-,Y,Y,,,,#482,75,125,70,125,70,115,580,96.67
Azumarill,Water,Fairy,,,0,Y,,,Water 1,Fairy,#184,100,50,80,60,80,50,420,70
Azurill,Normal,Fairy,Water Fairy,Y,2,,,,Undiscovered,,#298,50,20,40,20,40,20,190,31.67
Bagon,Dragon,,Flying,,2,,,,,,#371,45,75,60,45,40,30,50,300
Baltoy,Ground,Psychic,,Y,1,,,,Mineral,,#343,40,40,55,40,70,55,300,50
Banette,Ghost,,,,0,Y,,,Amorphous,,#354,64,115,65,83,63,65,455,75.83
Barbaracle,Rock,Water,,,0,Y,,,Water 3,,#689,72,105,115,54,86,68,500,83.33
Barboach,Water,Ground,,Y,1,,,,Water 2,,#339,50,48,43,46,41,60,288,48
Basculin,Water,,,Y,-,Y,,,Water 2,,#550,70,92,65,80,55,98,460,76.67
Bastiodon,Rock,Steel,,,0,Y,,,,,#411,60,52,168,47,138,30,495,82.5
Bayleef,Grass,,,,1,,,,,,#153,60,62,80,63,80,60,405,67.5
Beartic,Ice,,,,0,Y,,,Field,,#614,95,130,80,70,80,50,505,84.17
Beautifly,Bug,Flying,,,0,Y,,,Bug,,#267,60,70,50,100,50,65,395,65.83
Beedrill,Bug,Poison,,,0,Y,,,Bug,,#015,65,90,40,45,80,75,395,65.83
Beheeyem,Psychic,,,,0,Y,,,,,#606,75,75,75,125,95,40,485,80.83
Beldum,Steel,Psychic,,Y,2,,,,Mineral,,#374,40,55,80,35,60,30,300,50
Bellossom,Grass,,,,0,Y,,,,,#182,75,80,95,90,100,50,490,81.67
Bellsprout,Grass,Poison,,Y,2,,,,Grass,,#069,50,75,35,70,30,40,300,50
Bergmite,Ice,,,Y,1,,,,Monster,,#712,55,69,85,32,35,28,304,50.67
Bewear,Normal,Fighting,,,0,Y,,,Field,,#760,120,125,80,55,60,60,500,83.33
Bibarel,Normal,Water,,,0,Y,,,Water 1,Field,#400,79,85,60,55,60,71,410,68.33
Bidoof,Normal,,Normal Water,Y,1,,,,Water 1,Field,#399,59,45,40,35,40,31,250,41.67
Binacle,Rock,Water,,Y,1,,,,Water 3,,#688,42,52,67,39,56,50,306,51
Bisharp,Dark,Steel,,,0,Y,,,Human-Like,,#625,65,125,100,60,70,70,490,81.67
Blacephalon,Fire,Ghost,,,-,Y,Y,,,,#806,53,127,53,151,79,107,570,95
Black Kyurem,Dragon,Ice,,,-,Y,Y,,,,#646,125,170,100,120,90,95,700,116.67
Blastoise,Water,,,,0,Y,,,,,#009,79,83,100,85,105,78,530,88.33
Blaziken,Fire,Fighting,,,0,Y,,,,,#257,80,120,70,110,70,80,530,88.33
Blissey,Normal,,,,0,Y,,,,,#242,255,10,10,75,135,55,540,90
Blitzle,Electric,,,Y,1,,,,Field,,#522,45,60,32,50,32,76,295,49.17
Boldore,Rock,,,,1,,,,Mineral,,#525,70,105,105,50,40,20,390,65
Bonsly,Rock,,,Y,1,,,,Undiscovered,,#438,50,80,95,10,45,10,290,48.33
Bouffalant,Normal,,,Y,-,Y,,,Field,,#626,95,110,95,40,95,55,490,81.67
Bounsweet,Grass,,,Y,2,,,,Grass,,#761,42,30,38,30,38,32,210,35
Braixen,Fire,,Psychic,,1,,,,,,#654,59,59,58,90,70,73,409,68.17
Braviary,Normal,Flying,,,0,Y,,,Flying,,#628,100,123,75,57,75,80,510,85
Breloom,Grass,Fighting,,,0,Y,,,,,#286,60,130,80,60,60,70,460,76.67
Brionne,Water,,Fairy,,1,,,,,,#729,60,69,69,91,81,50,420,70
Bronzong,Steel,Psychic,,,0,Y,,,Mineral,,#437,67,89,116,79,116,33,500,83.33
Bronzor,Steel,Psychic,,Y,1,,,,Mineral,,#436,57,24,86,24,86,23,300,50
Bruxish,Water,Psychic,,Y,-,Y,,,Water 2,,#779,68,105,70,70,70,92,475,79.17
Budew,Grass,Poison,,Y,2,,,,Undiscovered,,#406,40,30,35,50,70,55,280,46.67
Buizel,Water,,,Y,1,,,,Water 1,Field,#418,55,65,35,60,30,85,330,55
Bulbasaur,Grass,Poison,,Y,2,,,Y,Monster,Grass,#001,45,49,49,65,65,45,318,53
Buneary,Normal,,Normal Fighting,Y,1,,,,Field,Human-Like,#427,55,66,44,44,56,85,350,58.33
Bunnelby,Normal,,Normal Ground,Y,1,,,,Field,,#659,38,36,38,32,36,57,237,39.5
Burmy,Bug,,Bug Grass Bug Ground Bug Steel Bug Flying,Y,1,,,,Bug,,#412,40,29,45,29,45,36,224,37.33
Butterfree,Bug,Flying,,,0,Y,,,Bug,,#012,60,45,50,90,80,70,395,65.83
Buzzwole,Bug,Fighting,,,-,Y,Y,,,,#794,107,139,139,53,53,79,570,95
Cacnea,Grass,,Grass Dark,Y,1,,,,Grass,Human-Like,#331,50,85,40,85,40,35,335,55.83
Cacturne,Grass,Dark,,,0,Y,,,Grass,Human-Like,#332,70,115,60,115,60,55,475,79.17
Camerupt,Fire,Ground,,,0,Y,,,,,#323,70,100,70,105,75,40,460,76.67
Carbink,Rock,Fairy,,Y,-,Y,,,Fairy,Mineral,#703,50,50,150,50,150,50,500,83.33
Carnivine,Grass,,,Y,-,Y,,,Grass,,#455,74,100,72,90,72,46,454,75.67
Carracosta,Water,Rock,,,0,Y,,,,,#565,74,108,133,83,65,32,495,82.5
Carvanha,Dark,Water,,Y,1,,,,Water 2,,#318,45,90,20,65,20,65,305,50.83
Cascoon,Bug,,,,1,,,,Bug,,#268,50,35,55,25,25,15,205,34.17
Castform,Normal,,,Y,-,Y,,,Fairy,Amorphous,#351,70,70,70,70,70,70,420,70
Caterpie,Bug,,Bug Flying,Y,2,,,,Bug,,#010,45,30,35,20,20,45,195,32.5
Celebi,Psychic,Grass,,,-,Y,Y,,,,#251,100,100,100,100,100,100,600,100
Celesteela,Steel,Flying,,,-,Y,Y,,,,#797,97,101,103,107,101,61,570,95
Chandelure,Ghost,Fire,,,0,Y,,,,,#609,60,55,90,145,90,80,520,86.67
Chansey,Normal,,,,1,,,,Fairy,,#113,250,5,5,35,105,50,450,75
Charizard,Fire,Flying,,,0,Y,,,Monster,Dragon,#006,78,84,78,109,85,100,534,89
Charjabug,Bug,Electric,,,1,,,,Bug,,#737,57,82,95,55,75,36,400,66.67
Charmander,Fire,,Fire Flying Fire Dragon,Y,2,,,Y,Monster,Dragon,#004,39,52,43,60,50,65,309,51.5
Charmeleon,Fire,,,,1,,,,Monster,Dragon,#005,58,64,58,80,65,80,405,67.5
Chatot,Normal,Flying,,Y,-,Y,,,Flying,,#441,76,65,45,92,42,91,411,68.5
Cherrim,Grass,,,,0,Y,,,Fairy,Grass,#421,70,60,70,87,78,85,450,75
Cherubi,Grass,,,Y,1,,,,Fairy,Grass,#420,45,35,45,62,53,35,275,45.83
Chesnaught,Grass,Fighting,,,0,Y,,,,,#652,88,107,122,74,75,64,530,88.33
Chespin,Grass,,Grass Fighting,Y,2,,,Y,Field,,#650,56,61,65,48,45,38,313,52.17
Chikorita,Grass,,,Y,2,,,Y,Monster,Grass,#152,45,49,65,49,65,45,318,53
Chimchar,Fire,,Fire Fighting,Y,2,,,Y,Field,Human-Like,#390,44,58,44,58,44,61,309,51.5
Chimecho,Psychic,,,,0,Y,,,Amorphous,,#358,75,50,80,95,90,65,455,75.83
Chinchou,Water,Electric,,Y,1,,,,Water 2,,#170,75,38,38,56,56,67,330,55
Chingling,Psychic,,,Y,1,,,,Undiscovered,,#433,45,30,50,65,50,45,285,47.5
Cinccino,Normal,,,,0,Y,,,Field,,#573,75,95,60,65,60,115,470,78.33
Clamperl,Water,,,Y,1,,,,Water 1,,#366,35,64,85,74,55,32,345,57.5
Clauncher,Water,,,Y,1,,,,Water 1,Water 3,#692,50,53,62,58,63,44,330,55
Clawitzer,Water,,,,0,Y,,,Water 1,Water 3,#693,71,73,88,120,89,59,500,83.33
Claydol,Ground,Psychic,,,0,Y,,,Mineral,,#344,60,70,105,70,120,75,500,83.33
Clefable,Fairy,,,,0,Y,,,,,#036,95,70,73,95,90,60,483,80.5
Clefairy,Fairy,,,,1,,,,Fairy,,#035,70,45,48,60,65,35,323,53.83
Cleffa,Fairy,,,,2,,,,,,#173,50,25,28,45,55,15,218,36.33
Cloyster,Water,Ice,,,0,Y,,,Water 3,,#091,50,95,180,85,45,70,525,87.5
Cobalion,Steel,Fighting,,,-,Y,Y,,,,#638,91,90,129,90,72,108,580,96.67
Cofagrigus,Ghost,,,,0,Y,,,Mineral,Amorphous,#563,58,50,145,95,105,30,483,80.5
Combee,Bug,Flying,,Y,1,,,,Bug,,#415,30,30,42,30,42,70,244,40.67
Combusken,Fire,Fighting,,,1,,,,,,#256,60,85,60,85,60,55,405,67.5
Comfey,Fairy,,,Y,-,Y,,,Grass,,#764,51,52,90,82,110,100,485,80.83
Conkeldurr,Fighting,,,,0,Y,,,,,#534,105,140,95,55,65,45,505,84.17
Corphish,Water,,Water Dark,Y,1,,,,Water 1,Water 3,#341,43,80,65,50,35,35,308,51.33
Corsola,Water,Rock,,Y,-,Y,,,Water 1,Water 3,#222,65,55,95,65,95,35,410,68.33
Cosmoem,Psychic,,,,1,,Y,,,,#790,43,29,131,29,131,37,400,66.67
Cosmog,Psychic,,,,2,,Y,,,,#789,43,29,31,29,31,37,200,33.33
Cottonee,Grass,Fairy,,Y,1,,,,Grass,Fairy,#546,40,27,60,37,50,66,280,46.67
Crabominable,Fighting,Ice,,,0,Y,,,Water 3,,#740,97,132,77,62,67,43,478,79.67
Crabrawler,Fighting,,Fighting Ice,Y,1,,,,Water 3,,#739,47,82,57,42,47,63,338,56.33
Cradily,Rock,Grass,,,0,Y,,,,,#346,86,81,97,81,107,43,495,82.5
Cranidos,Rock,,,Y,1,,,,Monster,,#408,67,125,40,30,30,58,350,58.33
Crawdaunt,Water,Dark,,,0,Y,,,Water 1,Water 3,#342,63,120,85,90,55,55,468,78
Cresselia,Psychic,,,,-,Y,Y,,,,#488,120,70,120,75,130,85,600,100
Croagunk,Poison,Fighting,,Y,1,,,,Human-Like,,#453,48,61,40,61,40,50,300,50
Crobat,Poison,Flying,,,0,Y,,,,,#169,85,90,80,70,80,130,535,89.17
Croconaw,Water,,,,1,,,,,,#159,65,80,80,59,63,58,405,67.5
Crustle,Bug,Rock,,,0,Y,,,Bug,Mineral,#558,70,105,125,65,75,45,485,80.83
Cryogonal,Ice,,,Y,-,Y,,,Mineral,,#615,80,50,50,95,135,105,515,85.83
Cubchoo,Ice,,,Y,1,,,,Field,,#613,55,70,40,60,40,40,305,50.83
Cubone,Ground,,Fire Ghost,Y,1,,,,Monster,,#104,50,50,95,40,50,35,320,53.33
Cutiefly,Bug,Fairy,,Y,1,,,,Bug,Fairy,#742,40,45,40,55,40,84,304,50.67
Cyndaquil,Fire,,,Y,2,,,Y,Field,,#155,39,52,43,60,50,65,309,51.5
Darkrai,Dark,,,,-,Y,Y,,,,#491,70,90,90,135,90,125,600,100
Darmanitan (Standard Mode),Fire,,,,0,Y,,,Field,,#555,105,140,55,30,55,95,480,80
Darmanitan (Zen Mode),Fire,Psychic,,,0,Y,,,Field,,#555,105,30,105,140,105,55,540,90
Dartrix,Grass,Flying,Ghost,,1,,,,,,#723,78,75,75,70,70,52,420,70
Darumaka,Fire,,,Y,1,,,,Field,,#554,70,90,45,15,45,50,315,52.5
Decidueye,Grass,Ghost,,,0,Y,,,,,#724,78,107,75,100,100,70,530,88.33
Dedenne,Electric,Fairy,,Y,-,Y,,,Field,Fairy,#702,67,58,57,81,67,101,431,71.83
Deerling,Normal,Grass,,Y,1,,,,Field,,#585,60,60,50,40,50,75,335,55.83
Deino,Dark,Dragon,,Y,2,,,,Dragon,,#633,52,65,50,45,50,38,300,50
Delcatty,Normal,,,,0,Y,,,Field,Fairy,#301,70,65,65,55,55,90,400,66.67
Delibird,Ice,Flying,,Y,-,Y,,,Water 1,Field,#225,45,55,45,65,45,75,330,55
Delphox,Fire,Psychic,,,0,Y,,,,,#655,75,69,72,114,100,104,534,89
Deoxys (Attack Forme),Psychic,,,,-,Y,Y,,,,#386,50,180,20,180,20,150,600,100
Deoxys (Defense Forme),Psychic,,,,-,Y,Y,,,,#386,50,70,160,70,160,90,600,100
Deoxys (Normal Forme),Psychic,,,,-,Y,Y,,,,#386,50,150,50,150,50,150,600,100
Deoxys (Speed Forme),Psychic,,,,-,Y,Y,,,,#386,50,95,90,95,90,180,600,100
Dewgong,Water,Ice,,,0,Y,,,Water 1,Field,#087,90,70,80,70,95,70,475,79.17
Dewott,Water,,,,1,,,,,,#502,75,75,60,83,60,60,413,68.83
Dewpider,Water,Bug,,Y,1,,,,Water 1,Bug,#751,38,40,52,40,72,27,269,44.83
Dhelmise,Ghost,Grass,,Y,-,Y,,,Mineral,,#781,70,131,100,86,90,40,517,86.17
Dialga,Steel,Dragon,,,-,Y,Y,,,,#483,100,120,120,150,100,90,680,113.33
Diancie,Rock,Fairy,,,-,Y,Y,,,,#719,50,100,150,100,150,50,600,100
Diggersby,Normal,Ground,,,0,Y,,,Field,,#660,85,56,77,50,77,78,423,70.5
Diglett,Ground,,,Y,1,,,,Field,,#050,10,55,25,35,45,95,265,44.17
Ditto,Normal,,,Y,-,Y,,,Ditto,,#132,48,48,48,48,48,48,288,48
Dodrio,Normal,Flying,,,0,Y,,,Flying,,#085,60,110,70,60,60,110,470,78.33
Doduo,Normal,Flying,,Y,1,,,,Flying,,#084,35,85,45,35,35,75,310,51.67
Donphan,Ground,,,,0,Y,,,Field,,#232,90,120,120,60,60,50,500,83.33
Doublade,Steel,Ghost,,,1,,,,,,#680,59,110,150,45,49,35,448,74.67
Dragalge,Poison,Dragon,,,0,Y,,,Water 1,Dragon,#691,65,75,90,97,123,44,494,82.33
Dragonair,Dragon,,Flying,,1,,,,,,#148,61,84,65,70,70,70,420,70
Dragonite,Dragon,Flying,,,0,Y,,,,,#149,91,134,95,100,100,80,600,100
Drampa,Normal,Dragon,,Y,-,Y,,,Monster,Dragon,#780,78,60,85,135,91,36,485,80.83
Drapion,Poison,Dark,,,0,Y,,,Bug,Water 3,#452,70,90,110,60,75,95,500,83.33
Dratini,Dragon,,Dragon Flying,Y,2,,,,Water 1,Dragon,#147,41,64,45,50,50,50,300,50
Drifblim,Ghost,Flying,,,0,Y,,,Amorphous,,#426,150,80,44,90,54,80,498,83
Drifloon,Ghost,Flying,,Y,1,,,,Amorphous,,#425,90,50,34,60,44,70,348,58
Drilbur,Ground,,Ground Steel,Y,1,,,,Field,,#529,60,85,40,30,45,68,328,54.67
Drowzee,Psychic,,,Y,1,,,,Human-Like,,#096,60,48,45,43,90,42,328,54.67
Druddigon,Dragon,,,Y,-,Y,,,Dragon,Monster,#621,77,120,90,60,90,48,485,80.83
Ducklett,Water,Flying,,Y,1,,,,Water 1,Flying,#580,62,44,50,44,50,55,305,50.83
Dunsparce,Normal,,,Y,-,Y,,,Field,,#206,100,70,70,65,65,45,415,69.17
Duosion,Psychic,,,,1,,,,,,#578,65,40,50,125,60,30,370,61.67
Durant,Bug,Steel,,Y,-,Y,,,Bug,,#632,58,109,112,48,48,109,484,80.67
Dusclops,Ghost,,,,1,,,,Amorphous,,#356,40,70,130,60,130,25,455,75.83
Dusknoir,Ghost,,,,0,Y,,,,,#477,45,100,135,65,135,45,525,87.5
Duskull,Ghost,,,Y,2,,,,Amorphous,,#355,20,40,90,30,90,25,295,49.17
Dustox,Bug,Poison,,,0,Y,,,Bug,,#269,60,50,70,50,90,65,385,64.17
Dwebble,Bug,Rock,,,1,,,,,,#557,50,65,85,35,35,55,325,54.17
Eelektrik,Electric,,,,1,,,,Amorphous,,#603,65,85,70,75,70,40,405,67.5
Eelektross,Electric,,,,1,,,,,,#604,85,115,80,105,80,50,515,85.83
Eevee,Normal,,Water Electric Fire Psychic Dark Grass Ice Fairy,Y,1,,,,Field,,#133,55,55,50,45,65,55,325,54.17
Ekans,Poison,,,Y,1,,,,Field,Dragon,#023,35,60,44,40,54,55,288,48
Electabuzz,Electric,,,,1,,,,,,#125,65,83,57,95,85,105,490,81.67
Electivire,Electric,,,,0,Y,,,,,#466,75,123,67,95,85,95,540,90
Electrike,Electric,,,Y,1,,,,Field,,#309,40,45,40,65,40,65,295,49.17
Electrode,Electric,,,,0,Y,,,Mineral,,#101,60,50,70,80,80,150,490,81.67
Elekid,Electric,,,Y,2,,,,Undiscovered,,#239,45,63,37,65,55,95,360,60
Elgyem,Psychic,,,Y,1,,,,Human-Like,,#605,55,55,55,85,55,30,335,55.83
Emboar,Fire,Fighting,,,0,Y,,,,,#500,110,123,65,100,65,65,528,88
Emolga,Electric,Flying,,Y,-,Y,,,Field,,#587,55,75,60,75,60,103,428,71.33
Empoleon,Water,Steel,,,0,Y,,,,,#395,84,86,88,111,101,60,530,88.33
Entei,Fire,,,,-,Y,Y,,,,#244,115,115,85,90,75,100,580,96.67
Escavalier,Bug,Steel,,,0,Y,,,Bug,,#589,70,135,105,60,105,20,495,82.5
Espeon,Psychic,,,,0,Y,,,,,#196,65,65,60,130,95,110,525,87.5
Espurr,Psychic,,,Y,1,,,,Field,,#677,62,48,54,63,60,68,355,59.17
Excadrill,Ground,Steel,,,0,Y,,,Field,,#530,110,135,60,50,65,88,508,84.67
Exeggcute,Grass,Psychic,Grass Dragon,Y,1,,,,Grass,,#102,60,40,80,60,45,40,325,54.17
Exeggutor,Grass,Psychic,,,1,,,,,,#103,95,95,85,125,75,55,530,88.33
Exploud,Normal,,,,0,Y,,,,,#295,104,91,63,91,73,68,490,81.67
Fan Rotom,Electric,Flying,,,-,Y,,,,,#479,50,65,107,105,107,86,520,86.67
Farfetch'd,Normal,Flying,,Y,-,Y,,,Flying,Field,#083,52,90,55,58,62,60,377,62.83
Fearow,Normal,Flying,,,0,Y,,,Flying,,#022,65,90,65,61,61,100,442,73.67
Feebas,Water,,,Y,1,,,,Water 1,Dragon,#349,20,15,20,10,55,80,200,33.33
Fennekin,Fire,,Fire Psychic,Y,2,,,Y,Field,,#653,40,45,40,62,60,60,307,51.17
Feraligatr,Water,,,,0,Y,,,,,#160,85,105,100,79,83,78,530,88.33
Ferroseed,Grass,Steel,,Y,1,,,,Grass,Mineral,#597,44,50,91,24,86,10,305,50.83
Ferrothorn,Grass,Steel,,,0,Y,,,Grass,Mineral,#598,74,94,131,54,116,20,489,81.5
Finneon,Water,,,Y,1,,,,Water 2,,#456,49,49,56,49,61,66,330,55
Flaaffy,Electric,,,,1,,,,Monster,Field,#180,70,55,55,80,60,45,365,60.83
Flabebe,Fairy,,,Y,2,,,,Fairy,,#669,44,38,39,61,79,42,303,50.5
Flareon,Fire,,,,0,Y,,,,,#136,65,130,60,95,110,65,525,87.5
Fletchinder,Fire,Flying,,,1,,,,Flying,,#662,62,73,55,56,52,84,382,63.67
Fletchling,Normal,Flying,Fire Flying,Y,2,,,,Flying,,#661,45,50,43,40,38,62,278,46.33
Floatzel,Water,,,,0,Y,,,Water 1,Field,#419,85,105,55,85,50,115,495,82.5
Floette,Fairy,,,,0,Y,,,,,#670,54,45,47,75,98,52,371,61.83
Florges,Fairy,,,,0,Y,,,Fairy,,#671,78,65,68,112,154,75,552,92
Flygon,Ground,Dragon,,,0,Y,,,Bug,,#330,80,100,80,80,80,100,520,86.67
Fomantis,Grass,,,Y,1,,,,Grass,,#753,40,55,35,50,35,35,250,41.67
Foongus,Grass,Poison,,Y,1,,,,Grass,,#590,69,55,45,55,55,15,294,49
Forretress,Bug,Steel,,,0,Y,,,Bug,,#205,75,90,140,60,60,40,465,77.5
Fraxure,Dragon,,,,1,,,,,,#611,66,117,70,40,50,67,410,68.33
Frillish,Water,Ghost,,Y,1,,,,Amorphous,,#592,55,40,50,65,85,40,335,55.83
Froakie,Water,,Water Dark,Y,2,,,Y,Water 1,,#656,41,56,40,62,44,71,314,52.33
Frogadier,Water,,Dark,,1,,,,,,#657,54,63,52,83,56,97,405,67.5
Froslass,Ice,Ghost,,,0,Y,,,Fairy,Mineral,#478,70,80,70,80,70,110,480,80
Frost Rotom,Electric,Ice,,,-,Y,,,,,#479,50,65,107,105,107,86,520,86.67
Furfrou,Normal,,,Y,-,Y,,,Field,,#676,75,80,60,65,90,102,472,78.67
Furret,Normal,,,,0,Y,,,Field,,#162,85,76,64,45,55,90,415,69.17
Gabite,Dragon,Ground,,,1,,,,,,#444,68,90,65,50,55,82,410,68.33
Gallade,Psychic,Fighting,,,0,Y,,,,,#475,68,125,65,65,115,80,518,86.33
Galvantula,Bug,Electric,,,0,Y,,,Bug,,#596,70,77,60,97,60,108,472,78.67
Garbodor,Poison,,,,0,Y,,,,,#569,80,95,82,60,82,75,474,79
Garchomp,Dragon,Ground,,,0,Y,,,,,#445,108,130,95,80,85,102,600,100
Gardevoir,Psychic,Fairy,,,0,Y,,,,,#282,68,65,65,125,115,80,518,86.33
Gastly,Ghost,Poison,,Y,2,,,,Amorphous,,#092,30,35,30,100,35,80,310,51.67
Gastrodon,Water,Ground,,,0,Y,,,Water 1,Amorphous,#423,111,83,68,92,82,39,475,79.17
Genesect,Bug,Steel,,,-,Y,Y,,,,#649,71,120,95,120,95,99,600,100
Gengar,Ghost,Poison,,,0,Y,,,,,#094,60,65,60,130,75,110,500,83.33
Geodude,Rock,Ground,,Y,2,,,,Mineral,,#074,40,80,100,30,30,20,300,50
Gible,Dragon,Ground,,,2,,,,,,#443,58,70,45,58,40,45,42,300
Gigalith,Rock,,,,0,Y,,,Mineral,,#526,85,135,130,60,80,25,515,85.83
Girafarig,Normal,Psychic,,Y,-,Y,,,Field,,#203,70,80,65,90,65,85,455,75.83
Giratina (Altered Forme),Ghost,Dragon,,,-,Y,Y,,,,#487,150,100,120,100,120,90,680,113.33
Giratina (Origin Forme),Ghost,Dragon,,,-,Y,Y,,,,#487,150,120,100,120,100,90,680,113.33
Glaceon,Ice,,,,0,Y,,,,,#471,65,60,110,130,95,65,525,87.5
Glalie,Ice,,,,0,Y,,,Fairy,Mineral,#362,80,80,80,80,80,80,480,80
Glameow,Normal,,,Y,1,,,,Field,,#431,49,55,42,42,37,85,310,51.67
Gligar,Ground,Flying,,Y,1,,,,Bug,,#207,65,75,105,35,65,85,430,71.67
Gliscor,Ground,Flying,,,0,Y,,,Bug,,#472,75,95,125,45,75,95,510,85
Gloom,Grass,Poison,,,1,,,,Grass,,#044,60,65,70,85,75,40,395,65.83
Gogoat,Grass,,,,0,Y,,,Field,,#673,123,100,62,97,81,68,531,88.5
Golbat,Poison,Flying,,,1,,,,Flying,,#042,75,80,70,65,75,90,455,75.83
Goldeen,Water,,,Y,1,,,,Water 2,,#118,45,67,60,35,50,63,320,53.33
Golduck,Water,,,,0,Y,,,Water 1,Field,#055,80,82,78,95,80,85,500,83.33
Golem,Rock,Ground,,,0,Y,,,,,#076,80,120,130,55,65,45,495,82.5
Golett,Ground,Ghost,,Y,1,,,,Mineral,,#622,59,74,50,35,50,35,303,50.5
Golisopod,Bug,Water,,,0,Y,,,Bug,Water 3,#768,75,125,140,60,90,40,530,88.33
Golurk,Ground,Ghost,,,0,Y,,,Mineral,,#623,89,124,80,55,80,55,483,80.5
Goodra,Dragon,,,,0,Y,,,,,#706,90,100,70,110,150,80,600,100
Goomy,Dragon,,,,2,,,,,,#704,45,50,35,55,75,40,300,50
Gorebyss,Water,,,,0,Y,,,Water 1,,#368,55,84,105,114,75,52,485,80.83
Gothita,Psychic,,,Y,2,,,,Human-Like,,#574,45,30,50,55,65,45,290,48.33
Gothitelle,Psychic,,,,0,Y,,,,,#576,70,55,95,95,110,65,490,81.67
Gothorita,Psychic,,,,1,,,,,,#575,60,45,70,75,85,55,390,65
Gourgeist (Super Size),Ghost,Grass,,,0,Y,,,,,#711,85,100,122,58,75,54,494,82.33
Granbull,Fairy,,,,0,Y,,,Field,Fairy,#210,90,120,75,60,60,45,450,75
Graveler,Rock,Ground,,,1,,,,Mineral,,#075,55,95,115,45,45,35,390,65
Greninja,Water,Dark,,,0,Y,,,,,#658,72,95,67,103,71,122,530,88.33
Grimer,Poison,,,Y,1,,,,Amorphous,,#088,80,80,50,40,50,25,325,54.17
Grotle,Grass,,Ground,,1,,,,,,#388,75,89,85,55,65,36,405,67.5
Groudon,Ground,,,,-,Y,Y,,,,#383,100,150,140,100,90,90,670,111.67
Grovyle,Grass,,,,1,,,,,,#253,50,65,45,85,65,95,405,67.5
Growlithe,Fire,,,Y,1,,,,Field,,#058,55,70,45,70,50,60,350,58.33
Grubbin,Bug,,Bug Electric,Y,2,,,,Bug,,#736,47,62,45,55,45,46,300,50
Grumpig,Psychic,,,,0,Y,,,Field,,#326,80,45,65,90,110,80,470,78.33
Gulpin,Poison,,,Y,1,,,,Amorphous,,#316,70,43,53,43,53,40,302,50.33
Gumshoos,Normal,,,,0,Y,,,Field,,#735,88,110,60,55,60,45,418,69.67
Gurdurr,Fighting,,,,1,,,,,,#533,85,105,85,40,50,40,405,67.5
Guzzlord,Dark,Dragon,,,-,Y,Y,,,,#799,223,101,53,97,53,43,570,95
Gyarados,Water,Flying,,,0,Y,,,,,#130,95,125,79,60,100,81,540,90
Hakamo-o,Dragon,Fighting,,,0,Y,,,,,#783,55,75,90,65,70,65,420,70
Happiny,Normal,,,Y,2,,,,Undiscovered,,#440,100,5,5,15,65,30,220,36.67
Hariyama,Fighting,,,,0,Y,,,Human-Like,,#297,144,120,60,40,60,50,474,79
Haunter,Ghost,Poison,,,1,,,,,,#093,45,50,45,115,55,95,405,67.5
Hawlucha,Fighting,Flying,,Y,-,Y,,,Human-Like,,#701,78,92,75,74,63,118,500,83.33
Haxorus,Dragon,,,,0,Y,,,,,#612,76,147,90,60,70,97,540,90
Heat Rotom,Electric,Fire,,,-,Y,,,,,#479,50,65,107,105,107,86,520,86.67
Heatmor,Fire,,,Y,-,Y,,,Field,,#631,85,97,66,105,66,65,484,80.67
Heatran,Fire,Steel,,,-,Y,Y,,,,#485,91,90,106,130,106,77,600,100
Heliolisk,Electric,Normal,,,0,Y,,,Monster,Dragon,#695,62,55,52,109,94,109,481,80.17
Helioptile,Electric,Normal,,Y,1,,,,Monster,Dragon,#694,44,38,33,61,43,70,289,48.17
Heracross,Bug,Fighting,,Y,-,Y,,,Bug,,#214,80,125,75,40,95,85,500,83.33
Herdier,Normal,,,,1,,,,,,#507,65,80,65,35,65,60,370,61.67
Hippopotas,Ground,,,Y,1,,,,Field,,#449,68,72,78,38,42,32,330,55
Hippowdon,Ground,,,,0,Y,,,Field,,#450,108,112,118,68,72,47,525,87.5
Hitmonchan,Fighting,,,,0,Y,,,,,#107,50,105,79,35,110,76,455,75.83
Hitmonlee,Fighting,,,,0,Y,,,,,#106,50,120,53,35,110,87,455,75.83
Hitmontop,Fighting,,,,0,Y,,,,,#237,50,95,95,35,110,70,455,75.83
Honchkrow,Dark,Flying,,,0,Y,,,,,#430,100,125,52,105,52,71,505,84.17
Honedge,Steel,Ghost,,Y,2,,,,Mineral,,#679,45,80,100,35,37,28,325,54.17
Ho-Oh,Fire,Flying,,,-,Y,Y,,,,#250,106,130,90,110,154,90,680,113.33
Hoopa Confined,Psychic,Ghost,,,-,Y,Y,,,,#720,80,110,60,150,130,70,600,100
Hoopa Unbound,Psychic,Dark,,,-,Y,Y,,,,#720,80,160,60,170,130,80,680,113.33
Hoothoot,Normal,Flying,,Y,1,,,,Flying,,#163,60,30,30,36,56,50,262,43.67
Hoppip,Grass,Flying,,Y,2,,,,Fairy,Grass,#187,35,35,40,35,55,50,250,41.67
Horsea,Water,,Water Dragon,Y,2,,,,Water 1,Dragon,#116,30,40,70,70,25,60,295,49.17
Houndoom,Dark,Fire,,,0,Y,,,Field,,#229,75,90,50,110,80,95,500,83.33
Houndour,Dark,Fire,,Y,1,,,,Field,,#228,45,60,30,80,50,65,330,55
Huntail,Water,,,,0,Y,,,Water 1,,#367,55,104,105,94,75,52,485,80.83
Hydreigon,Dark,Dragon,,,0,Y,,,,,#635,92,105,90,125,90,98,600,100
Hypno,Psychic,,,,0,Y,,,Human-Like,,#097,85,73,70,73,115,67,483,80.5
Igglybuff,Normal,Fairy,,Y,2,,,,Undiscovered,,#174,90,30,15,40,20,15,210,35
Illumise,Bug,,,Y,-,Y,,,Bug,Human-Like,#314,65,47,75,73,85,85,430,71.67
Incineroar,Fire,Dark,,,0,Y,,,,,#727,95,115,90,80,90,60,530,88.33
Infernape,Fire,Fighting,,,0,Y,,,,,#392,76,104,71,104,71,108,534,89
Inkay,Dark,Psychic,,Y,1,,,,Water 1,Water 2,#686,53,54,53,37,46,45,288,48
Ivysaur,Grass,Poison,,,1,,,,,,#002,60,62,63,80,80,60,405,67.5
Jangmo-o,Dragon,,Dragon Fighting,Y,2,,,,Dragon,,#782,45,55,65,45,45,45,300,50
Jellicent,Water,Ghost,,,0,Y,,,Amorphous,,#593,100,60,70,85,105,60,480,80
Jigglypuff,Normal,Fairy,,,1,,,,Fairy,,#039,115,45,20,45,25,20,270,45
Jirachi,Steel,Psychic,,,-,Y,Y,,,,#385,100,100,100,100,100,100,600,100
Jolteon,Electric,,,,0,Y,,,,,#135,65,65,60,110,95,130,525,87.5
Joltik,Bug,Electric,,Y,1,,,,Bug,,#595,50,47,50,57,50,65,319,53.17
Jumpluff,Grass,Flying,,,0,Y,,,,,#189,75,55,70,55,95,110,460,76.67
Jynx,Ice,Psychic,,,0,Y,,,,,#124,65,50,35,115,95,95,455,75.83
Kabuto,Rock,Water,,Y,1,,,,Water 1,Water 3,#140,30,80,90,55,45,55,355,59.17
Kabutops,Rock,Water,,,0,Y,,,,,#141,60,115,105,65,70,80,495,82.5
Kadabra,Psychic,,,,1,,,,,,#064,40,35,30,120,70,105,400,66.67
Kakuna,Bug,Poison,,,1,,,,,,#014,45,25,50,25,25,35,205,34.17
Kangaskhan,Normal,,,Y,-,Y,,,Monster,,#115,105,95,80,40,80,90,490,81.67
Karrablast,Bug,,Bug Steel,Y,1,,,,Bug,,#588,50,75,45,40,45,60,315,52.5
Kartana,Grass,Steel,,,-,Y,Y,,,,#798,59,181,131,59,31,109,570,95
Kecleon,Normal,,,Y,-,Y,,,Field,,#352,60,90,70,60,120,40,440,73.33
Keldeo,Water,Fighting,,,-,Y,Y,,,,#647,91,72,90,129,90,108,580,96.67
Kingdra,Water,Dragon,,,0,Y,,,Water 1,Dragon,#230,75,95,95,95,95,85,540,90
Kingler,Water,,,,0,Y,,,Water 3,,#099,55,130,115,50,50,75,475,79.17
Kirlia,Psychic,Fairy,,,1,,,,,,#281,38,35,35,65,55,50,278,46.33
Klang,Steel,,,,1,,,,Mineral,,#600,60,80,95,70,85,50,440,73.33
Klefki,Steel,Fairy,,,-,Y,,,,,#707,57,80,91,80,87,75,470,78.33
Klink,Steel,,,Y,2,,,,Mineral,,#599,40,55,70,45,60,30,300,50
Klinklang,Steel,,,,0,Y,,,Mineral,,#601,60,100,115,70,85,90,520,86.67
Koffing,Poison,,,Y,1,,,,Amorphous,,#109,40,65,95,60,45,35,340,56.67
Komala,Normal,,,Y,-,Y,,,Field,,#775,65,115,65,75,95,65,480,80
Kommo-o,Dragon,Fighting,,,0,Y,,,,,#784,75,110,125,100,105,85,600,100
Krabby,Water,,,Y,1,,,,Water 3,,#098,30,105,90,25,25,50,325,54.17
Kricketot,Bug,,,Y,1,,,,Bug,,#401,37,25,41,25,41,25,194,32.33
Kricketune,Bug,,,,0,Y,,,Bug,,#402,77,85,51,55,51,65,384,64
Krokorok,Ground,Dark,,,1,,,,,,#552,60,82,45,45,45,74,351,58.5
Krookodile,Ground,Dark,,,0,Y,,,Field,,#553,95,117,80,65,70,92,519,86.5
Kyogre,Water,,,,-,Y,Y,,,,#382,100,100,90,150,140,90,670,111.67
Lairon,Steel,Rock,,,1,,,,Monster,,#305,60,90,140,50,50,40,430,71.67
Lampent,Ghost,Fire,,,1,,,,,,#608,60,40,60,95,60,55,370,61.67
Landorus (Incarnate Forme),Ground,Flying,,,-,Y,Y,,,,#645,89,125,90,115,80,101,600,100
Landorus (Therian Forme),Ground,Flying,,,-,Y,Y,,,,#645,89,145,90,105,80,91,600,100
Lanturn,Water,Electric,,,0,Y,,,Water 2,,#171,125,58,58,76,76,67,460,76.67
Lapras,Water,Ice,,,-,Y,,,,,#131,130,85,80,85,95,60,535,89.17
Larvesta,Bug,Fire,,Y,1,,,,Bug,,#636,55,85,55,50,55,60,360,60
Larvitar,Rock,Ground,Rock Dark,Y,2,,,,Monster,,#246,50,64,50,45,50,41,300,50
Latias,Dragon,Psychic,,,-,Y,Y,,,,#380,80,80,90,110,130,110,600,100
Latios,Dragon,Psychic,,,-,Y,Y,,,,#381,80,90,80,130,110,110,600,100
Leafeon,Grass,,,,0,Y,,,,,#470,65,110,130,60,65,95,525,87.5
Leavanny,Bug,Grass,,,0,Y,,,Bug,,#542,75,103,80,70,80,92,500,83.33
Ledian,Bug,Flying,,,0,Y,,,Bug,,#166,55,35,50,55,110,85,390,65
Ledyba,Bug,Flying,,Y,1,,,,Bug,,#165,40,20,30,40,80,55,265,44.17
Lickilicky,Normal,,,,0,Y,,,Monster,,#463,110,85,95,80,95,50,515,85.83
Lickitung,Normal,,,Y,1,,,,Monster,,#108,90,55,75,60,75,30,385,64.17
Liepard,Dark,,,,0,Y,,,Field,,#510,64,88,50,88,50,106,446,74.33
Lileep,Rock,Grass,,Y,1,,,,Water 3,,#345,66,41,77,61,87,23,355,59.17
Lilligant,Grass,,,,0,Y,,,Grass,,#549,70,60,75,110,75,90,480,80
Lillipup,Normal,,,Y,2,,,,Field,,#506,45,60,45,25,45,55,275,45.83
Linoone,Normal,,,,0,Y,,,Field,,#264,78,70,61,50,61,100,420,70
Litleo,Fire,Normal,,Y,1,,,,Field,,#667,62,50,58,73,54,72,369,61.5
Litten,Fire,,Fire Dark,Y,2,,,Y,Field,,#725,45,65,40,60,40,70,320,53.33
Litwick,Ghost,Fire,,Y,2,,,,Amorphous,,#607,50,30,55,65,55,20,275,45.83
Lombre,Water,Grass,,,1,,,,Water 1,Grass,#271,60,50,50,60,70,50,340,56.67
Lopunny,Normal,,,,0,Y,,,Field,Human-Like,#428,65,76,84,54,96,105,480,80
Lotad,Water,Grass,,Y,2,,,,Water 1,Grass,#270,40,30,30,40,50,30,220,36.67
Loudred,Normal,,,,1,,,,Monster,Field,#294,84,71,43,71,43,48,360,60
Lucario,Fighting,Steel,,,0,Y,,,,,#448,70,110,70,115,70,90,525,87.5
Ludicolo,Water,Grass,,,0,Y,,,,,#272,80,70,70,90,100,70,480,80
Lugia,Psychic,Flying,,,-,Y,Y,,,,#249,106,90,130,90,154,110,680,113.33
Lumineon,Water,,,,0,Y,,,Water 2,,#457,69,69,76,69,86,91,460,76.67
Lunala,Psychic,Ghost,,,-,Y,Y,,,,#792,137,113,89,137,107,97,680,113.33
Lunatone,Rock,Psychic,,Y,-,Y,,,Mineral,,#337,90,55,65,95,85,70,460,76.67
Lurantis,Grass,,,,0,Y,,,Grass,,#754,70,105,90,80,90,45,480,80
Luvdisc,Water,,,Y,-,Y,,,Water 2,,#370,43,30,55,40,65,97,330,55
Luxio,Electric,,,,1,,,,,,#404,60,85,49,60,49,60,363,60.5
Luxray,Electric,,,,0,Y,,,,,#405,80,120,79,95,79,70,523,87.17
Lycanroc (Dusk Form),Rock,,,,0,Y,,,Field,,#745,75,117,65,55,65,110,487,81.17
Lycanroc (Midday Form),Rock,,,,0,Y,,,Field,,#745,75,115,65,55,65,112,487,81.17
Lycanroc (Midnight Form),Rock,,,,0,Y,,,Field,,#745,85,115,75,55,75,82,487,81.17
Machamp,Fighting,,,,0,Y,,,,,#068,90,130,80,65,85,55,505,84.17
Machoke,Fighting,,,,1,,,,Human-Like,,#067,80,100,70,50,60,45,405,67.5
Machop,Fighting,,,Y,2,,,,Human-Like,,#066,70,80,50,35,35,35,305,50.83
Magby,Fire,,,Y,2,,,,Undiscovered,,#240,45,75,37,70,55,83,365,60.83
Magcargo,Fire,Rock,,,0,Y,,,Amorphous,,#219,60,50,120,90,80,30,430,71.67
Magearna,Steel,Fairy,,,-,Y,Y,,,,#801,80,95,115,130,115,65,600,100
Magikarp,Water,,Water Flying Water Dark,Y,1,,,,Water 2,Dragon,#129,20,10,55,15,20,80,200,33.33
Magmar,Fire,,,,1,,,,,,#126,65,95,57,100,85,93,495,82.5
Magmortar,Fire,,,,0,Y,,,,,#467,75,95,67,125,95,83,540,90
Magnemite,Electric,Steel,,Y,2,,,,Mineral,,#081,25,35,70,95,55,45,325,54.17
Magneton,Electric,Steel,,,1,,,,Mineral,,#082,50,60,95,120,70,70,465,77.5
Magnezone,Electric,Steel,,,0,Y,,,,,#462,70,70,115,130,90,60,535,89.17
Makuhita,Fighting,,,Y,1,,,,Human-Like,,#296,72,60,30,20,30,25,237,39.5
Malamar,Dark,Psychic,,,0,Y,,,,,#687,86,92,88,68,75,73,482,80.33
Mamoswine,Ice,Ground,,,0,Y,,,,,#473,110,130,80,70,60,80,530,88.33
Manaphy,Water,,,,-,Y,Y,,,,#490,100,100,100,100,100,100,600,100
Mandibuzz,Dark,Flying,,,0,Y,,,Flying,,#630,110,65,105,55,95,80,510,85
Manectric,Electric,,,,0,Y,,,Field,,#310,70,75,60,105,60,105,475,79.17
Mankey,Fighting,,,Y,1,,,,Field,,#056,40,80,35,35,45,70,305,50.83
Mantine,Water,Flying,,,0,Y,,,Water 1,,#226,85,40,70,80,140,70,485,80.83
Mantyke,Water,Flying,,Y,1,,,,Undiscovered,,#458,45,20,50,60,120,50,345,57.5
Maractus,Grass,,,Y,-,Y,,,Grass,,#556,75,86,67,106,67,60,461,76.83
Mareanie,Poison,Water,,Y,1,,,,Water 1,,#747,50,53,62,43,52,45,305,50.83
Mareep,Electric,,Electric Dragon,Y,2,,,,Monster,Field,#179,55,40,40,65,45,35,280,46.67
Marill,Water,Fairy,,,1,,,,Water 1,Fairy,#183,70,20,50,20,50,40,250,41.67
Marowak,Ground,,,,0,Y,,,Monster,,#105,60,80,110,50,80,45,425,70.83
Marshadow,Fighting,Ghost,,,-,Y,Y,,,,#802,90,125,80,90,90,125,600,100
Marshtomp,Water,Ground,,,1,,,,,,#259,70,85,70,60,70,50,405,67.5
Masquerain,Bug,Flying,,,0,Y,,,Water 1,Bug,#284,70,60,62,100,82,80,454,75.67
Mawile,Steel,Fairy,,Y,-,Y,,,Field,Fairy,#303,50,85,85,55,55,50,380,63.33
Medicham,Fighting,Psychic,,,0,Y,,,,,#308,60,60,75,60,75,80,410,68.33
Meditite,Fighting,Psychic,,Y,1,,,,Human-Like,,#307,30,40,55,40,55,60,280,46.67
Mega Abomasnow,Grass,Ice,,,0,Y,,,Monster,Grass,#460,90,132,105,132,105,30,594,99
Mega Absol,Dark,,,,0,,,,Field,,#359,65,150,60,115,60,115,565,94.17
Mega Aerodactyl,Rock,Flying,,,0,Y,,,Flying,,#142,80,135,85,70,95,150,615,102.5
Mega Aggron,Steel,,,,0,,,,Human-Like,,#308,60,100,85,80,85,100,510,85
Mega Alakazam,Psychic,,,,0,,,,Human-Like,,#065,55,50,65,175,105,150,600,100
Mega Altaria,Dragon,Fairy,,,0,Y,,,Flying,Dragon,#334,75,110,110,110,105,80,590,98.33
Mega Ampharos,Electric,Dragon,,,0,,,,Monster,Field,#181,90,95,105,165,110,45,610,101.67
Mega Audino,Normal,Fairy,,,0,Y,,,Fairy,,#531,103,60,126,80,126,50,545,90.83
Mega Banette,Ghost,,,,0,Y,,,Amorphous,,#354,64,165,75,93,83,75,555,92.5
Mega Beedrill,Bug,Poison,,,0,Y,,,Bug,,#015,65,150,40,15,80,145,495,82.5
Mega Blastoise,Water,,,,0,,,,Monster,Water 1,#009,79,103,120,135,115,78,630,105
Mega Blaziken,Fire,Fighting,,,0,,,,Field,,#257,80,160,80,130,80,100,630,105
Mega Camerupt,Fire,Ground,,,0,Y,,,Field,,#323,70,120,100,145,105,20,560,93.33
Mega Charizard X,Fire,Dragon,,,0,,,,Monster,Dragon,#006,78,130,111,130,85,100,634,105.67
Mega Charizard Y,Fire,Flying,,,0,,,,Monster,Dragon,#006,78,104,78,159,115,100,634,105.67
Mega Diancie,Rock,Fairy,,,0,,,,Undiscovered,,#719,50,160,110,160,110,110,700,116.67
Mega Gallade,Psychic,Fighting,,,0,,,,Amorphous,,#475,68,165,95,65,115,110,618,103
Mega Garchomp,Dragon,Ground,,,0,,,,Monster,Dragon,#445,108,170,115,120,95,92,700,116.67
Mega Gardevoir,Psychic,Fairy,,,0,,,,Amorphous,,#282,68,85,65,165,135,100,618,103
Mega Gengar,Ghost,Poison,,,0,,,,Amorphous,,#094,60,65,80,170,95,130,600,100
Mega Glalie,Ice,,,,0,,,,Fairy,Mineral,#362,80,120,80,120,80,100,580,96.67
Mega Gyarados,Water,Dark,,,0,,,,Water 2,Dragon,#130,95,155,109,70,130,81,640,106.67
Mega Heracross,Bug,Fighting,,,0,,,,Bug,,#214,80,185,115,40,105,75,600,100
Mega Houndoom,Dark,Fire,,,0,Y,,,Field,,#229,75,90,90,140,90,115,600,100
Mega Kangaskhan,Normal,,,,0,,,,Monster,,#115,105,125,100,60,100,100,590,98.33
Mega Latias,Dragon,Psychic,,,0,,,,Undiscovered,,#380,80,100,120,140,150,110,700,116.67
Mega Latios,Dragon,Psychic,,,0,,,,Undiscovered,,#381,80,130,100,160,120,110,700,116.67
Mega Lopunny,Normal,Fighting,,,0,,,,Field,Human-Like,#428,65,136,94,54,96,135,580,96.67
Mega Lucario,Fighting,Steel,,,0,,,,Field,Human-Like,#448,70,145,88,140,70,112,625,104.17
Mega Manectric,Electric,,,,0,,,,Field,,#310,70,75,80,135,80,135,575,95.83
Mega Mawile,Steel,Fairy,,,0,,,,Field,Fairy,#303,50,105,125,55,95,50,480,80
Mega Medicham,Fighting,Psychic,,,0,Y,,,Monster,,#306,70,140,230,60,80,50,630,105
Mega Metagross,Steel,Psychic,,,0,,,,Mineral,,#376,80,145,150,105,110,110,700,116.67
Mega Mewtwo X,Psychic,Fighting,,,0,,,,Undiscovered,,#150,106,190,100,154,100,130,780,130
Mega Mewtwo Y,Psychic,,,,0,,,,Undiscovered,,#150,106,150,70,194,120,140,780,130
Mega Pidgeot,Normal,Flying,,,0,Y,,,Flying,,#018,83,80,80,135,80,121,579,96.5
Mega Pinsir,Bug,Flying,,,0,,,,Bug,,#127,65,155,120,65,90,105,600,100
Mega Rayquaza,Dragon,Flying,,,0,,,,Undiscovered,,#384,105,180,100,180,100,115,780,130
Mega Sableye,Ghost,Dark,,,0,Y,,,Human-Like,,#302,50,85,125,85,115,20,480,80
Mega Salamence,Dragon,Flying,,,0,,,,Dragon,,#373,95,145,130,120,90,120,700,116.67
Mega Sceptile,Grass,Dragon,,,0,,,,Monster,Dragon,#254,70,110,75,145,85,145,630,105
Mega Scizor,Bug,Steel,,,0,,,,Bug,,#212,70,150,140,65,100,75,600,100
Mega Sharpedo,Water,Dark,,,0,Y,,,Water 2,,#319,70,140,70,110,65,105,560,93.33
Mega Slowbro,Water,Psychic,,,0,,,,Monster,Water 1,#080,95,75,180,130,80,30,590,98.33
Mega Steelix,Steel,Ground,,,0,Y,,,Mineral,,#208,75,125,230,55,95,30,610,101.67
Mega Swampert,Water,Ground,,,0,,,,Monster,Water 1,#260,100,150,110,95,110,70,635,105.83
Mega Tyranitar,Rock,Dark,,,0,,,,Monster,,#248,100,164,150,95,120,71,700,116.67
Mega Venusaur,Grass,Poison,,,0,,,,Monster,Grass,#003,80,100,123,122,120,80,625,104.17
Meganium,Grass,,,,0,Y,,,,,#154,80,82,100,83,100,80,525,87.5
Meloetta (Aria Forme),Normal,Psychic,,,-,Y,Y,,,,#648,100,77,77,128,128,90,600,100
Meloetta (Pirouette Forme),Normal,Fighting,,,-,Y,Y,,,,#648,100,128,90,77,77,128,600,100
Meowstic,Psychic,,,,0,Y,,,Field,,#678,74,48,76,83,81,104,466,77.67
Meowth,Normal,,,Y,1,,,,Field,,#052,40,45,35,40,40,90,290,48.33
Mesprit,Psychic,,,,-,Y,Y,,,,#481,80,105,105,105,105,80,580,96.67
Metagross,Steel,Psychic,,,0,Y,,,,,#376,80,135,130,95,90,70,600,100
Metang,Steel,Psychic,,,1,,,,,,#375,60,75,100,55,80,50,420,70
Metapod,Bug,,Poison,,1,,,,,,#011,50,20,55,25,25,30,205,34.17
Mew,Psychic,,,,-,Y,Y,,,,#151,100,100,100,100,100,100,600,100
Mewtwo,Psychic,,,,-,Y,Y,,,,#150,106,110,90,154,90,130,680,113.33
Mienfoo,Fighting,,,Y,1,,,,Field,Human-Like,#619,45,85,50,55,50,65,350,58.33
Mienshao,Fighting,,,,0,Y,,,,,#620,65,125,60,95,60,105,510,85
Mightyena,Dark,,,,0,Y,,,Field,,#262,70,90,70,60,60,70,420,70
Milotic,Water,,,,0,Y,,,,,#350,95,60,79,100,125,81,540,90
Miltank,Normal,,,Y,-,Y,,,Field,,#241,95,80,105,40,70,100,490,81.67
Mime Jr.,Psychic,Fairy,,Y,1,,,,Undiscovered,,#439,20,25,45,70,90,60,310,51.67
Mimikyu,Ghost,Fairy,,Y,-,Y,,,Amorphous,,#778,55,90,80,50,105,96,476,79.33
Minccino,Normal,,,Y,1,,,,Field,,#572,55,50,40,40,40,75,300,50
Minior (Core Form),Rock,Flying,,Y,-,Y,,,Mineral,,#774,60,100,60,100,60,120,500,83.33
Minior (Meteor Form),Rock,Flying,,,-,Y,,,Mineral,,#774,60,60,100,60,100,60,440,73.33
Minun,Electric,,,Y,-,Y,,,Fairy,,#312,60,40,50,75,85,95,405,67.5
Misdreavus,Ghost,,,Y,1,,,,Amorphous,,#200,60,60,60,85,85,85,435,72.5
Mismagius,Ghost,,,,0,Y,,,,,#429,60,60,60,105,105,105,495,82.5
Moltres,Fire,Flying,,,-,Y,Y,,,,#146,90,100,90,125,85,90,580,96.67
Monferno,Fire,Fighting,,,1,,,,,,#391,64,78,52,78,52,81,405,67.5
Morelull,Grass,Fairy,,Y,1,,,,Grass,,#755,40,35,55,65,75,15,285,47.5
Mothim,Bug,Flying,,,0,Y,,,Bug,,#414,70,94,50,94,50,66,424,70.67
Mow Rotom,Electric,Grass,,,-,Y,,,,,#479,50,65,107,105,107,86,520,86.67
Mr. Mime,Psychic,Fairy,,,0,Y,,,Human-Like,,#122,40,45,65,100,120,90,460,76.67
Mudbray,Ground,,,Y,1,,,,Field,,#749,70,100,70,45,55,45,385,64.17
Mudkip,Water,,Water Ground,Y,2,,,Y,Monster,Water 1,#258,50,70,50,50,50,40,310,51.67
Mudsdale,Ground,,,,0,Y,,,Field,,#750,100,125,100,55,85,35,500,83.33
Muk,Poison,,,,0,Y,,,Amorphous,,#089,105,105,75,65,100,50,500,83.33
Munchlax,Normal,,,Y,1,,,,Undiscovered,,#446,135,85,40,40,85,5,390,65
Munna,Psychic,,,Y,1,,,,Field,,#517,76,25,45,67,55,24,292,48.67
Murkrow,Dark,Flying,,Y,1,,,,Flying,,#198,60,85,42,85,42,91,405,67.5
Musharna,Psychic,,,,0,Y,,,Field,,#518,116,55,85,107,95,29,487,81.17
Naganadel,Poison,Dragon,,,-,Y,Y,,,,#804,73,73,73,127,73,121,540,90
Natu,Psychic,Flying,,Y,1,,,,Flying,,#177,40,50,45,70,45,70,320,53.33
Necrozma,Psychic,,,,-,Y,Y,,,,#800,97,107,101,127,89,79,600,100
Necrozma (Dawn Wings),Psychic,,,,-,Y,Y,,,,#800,97,113,109,157,127,77,680,113.33
Necrozma (Dusk Mane),Psychic,,,,-,Y,Y,,,,#800,97,157,127,113,109,77,680,113.33
Nidoking,Poison,Ground,,,0,Y,,,,,#034,81,102,77,85,75,85,505,84.17
Nidoqueen,Poison,Ground,,,0,Y,,,,,#031,90,92,87,75,85,76,505,84.17
Nidoran F,Poison,,Poison Ground,Y,2,,,,Monster,Field,#029,55,47,52,40,40,41,275,45.83
Nidoran M,Poison,,Poison Ground,Y,2,,,,Monster,Field,#032,46,57,40,40,40,50,273,45.5
Nidorina,Poison,,,,1,,,,Undiscovered,,#030,70,62,67,55,55,56,365,60.83
Nidorino,Poison,,Ground,,1,,,,,,#033,61,72,57,55,55,65,365,60.83
Nihilego,Rock,Poison,,,-,Y,Y,,,,#793,109,53,47,127,131,103,570,95
Nincada,Bug,Ground,Bug Flying Bug Ghost,Y,1,,,,Bug,,#290,31,45,90,30,30,40,266,44.33
Ninetales,Fire,,,,0,Y,,,,,#038,73,76,75,81,100,100,505,84.17
Ninjask,Bug,Flying,,,0,Y,,,,,#291,61,90,45,50,50,160,456,76
Noctowl,Normal,Flying,,,0,Y,,,Flying,,#164,100,50,50,86,96,70,452,75.33
Noibat,Flying,Dragon,,Y,1,,,,Flying,,#714,40,30,35,45,40,55,245,40.83
Noivern,Flying,Dragon,,,0,Y,,,Flying,,#715,85,70,80,97,80,123,535,89.17
Normal Kyurem,Dragon,Ice,,,-,Y,Y,,,,#646,125,130,90,130,90,95,660,110
Nosepass,Rock,,Rock Steel,Y,1,,,,Mineral,,#299,30,45,135,45,90,30,375,62.5
Numel,Fire,Ground,,Y,1,,,,Field,,#322,60,60,40,65,45,35,305,50.83
Nuzleaf,Grass,Dark,,,1,,,,Field,Grass,#274,70,70,40,60,40,60,340,56.67
Octillery,Water,,,,0,Y,,,Water 1,Water 2,#224,75,105,75,105,75,45,480,80
Oddish,Grass,Poison,Grass,Y,2,,,,Grass,,#043,45,50,55,75,65,30,320,53.33
Omanyte,Rock,Water,,Y,1,,,,Water 1,Water 3,#138,35,40,100,90,55,35,355,59.17
Omastar,Rock,Water,,,0,Y,,,,,#139,70,60,125,115,70,55,495,82.5
Onix,Rock,Ground,Steel Ground,Y,1,,,,Mineral,,#095,35,45,160,30,45,70,385,64.17
Oranguru,Normal,Psychic,,Y,-,Y,,,Field,,#765,90,60,80,90,110,60,490,81.67
Oricorio,Fire,Flying,,Y,-,Y,,,Flying,,#741,75,70,70,98,70,93,476,79.33
Oshawott,Water,,,Y,2,,,Y,Field,,#501,55,55,45,63,45,45,308,51.33
Pachirisu,Electric,,,Y,-,Y,,,Field,Fairy,#417,60,45,70,45,90,95,405,67.5
Palkia,Water,Dragon,,,-,Y,Y,,,,#484,90,120,100,150,120,100,680,113.33
Palossand,Ghost,Ground,,,0,Y,,,Amorphous,,#770,85,75,110,100,75,35,480,80
Palpitoad,Water,Ground,,,1,,,,Water 1,,#536,75,65,55,65,55,69,384,64
Pancham,Fighting,,Fighting Dark,Y,1,,,,Field,Human-Like,#674,67,82,62,46,48,43,348,58
Pangoro,Fighting,Dark,,,0,Y,,,Field,Human-Like,#675,95,124,78,69,71,58,495,82.5
Panpour,Water,,,Y,1,,,,Field,,#515,50,53,48,53,48,64,316,52.67
Pansage,Grass,,,Y,1,,,,Field,,#511,50,53,48,53,48,64,316,52.67
Pansear,Fire,,,Y,1,,,,Field,,#513,50,53,48,53,48,64,316,52.67
Paras,Bug,Grass,,Y,1,,,,Bug,Grass,#046,35,70,55,45,55,25,285,47.5
Parasect,Bug,Grass,,,0,Y,,,Bug,Grass,#047,60,95,80,60,80,30,405,67.5
Partner Eevee,Normal,,Fire Water Electric Psychic Dark Fairy Ice Grass,,1,,,,,,#133,65,75,70,65,85,75,435,72.5
Partner Pikachu,Electric,,Psychic,,1,,,,,,#025,45,80,50,75,60,120,430,71.67
Passimian,Fighting,,,Y,-,Y,,,Field,,#766,100,120,90,40,60,80,490,81.67
Patrat,Normal,,,Y,1,,,,Field,,#504,45,55,39,35,39,42,255,42.5
Pawniard,Dark,Steel,,Y,1,,,,Human-Like,,#624,45,85,70,40,40,60,340,56.67
Pelipper,Water,Flying,,,0,Y,,,Water 1,Flying,#279,60,50,100,95,70,65,440,73.33
Persian,Normal,,,,0,Y,,,Field,,#053,65,70,60,65,65,115,440,73.33
Petilil,Grass,,,Y,1,,,,Grass,,#548,45,35,50,70,50,30,280,46.67
Phanpy,Ground,,,Y,1,,,,Field,,#231,90,60,60,40,40,40,330,55
Phantump,Ghost,Grass,,Y,1,,,,Grass,Amorphous,#708,43,70,48,50,60,38,309,51.5
Pheromosa,Bug,Fighting,,,-,Y,Y,,,,#795,71,137,37,137,37,151,570,95
Phione,Water,,,Y,-,Y,Y,,Water 1,Fairy,#489,80,80,80,80,80,80,480,80
Pichu,Electric,,Electric Psychic,Y,2,,,,Undiscovered,,#172,20,40,15,35,35,60,205,34.17
Pidgeot,Normal,Flying,,,0,Y,,,Flying,,#018,83,80,75,70,70,101,479,79.83
Pidgeotto,Normal,Flying,,,1,,,,Flying,,#017,63,60,55,50,50,71,349,58.17
Pidgey,Normal,Flying,,Y,2,,,,Flying,,#016,40,45,40,35,35,56,251,41.83
Pidove,Normal,Flying,,Y,2,,,,Flying,,#519,50,55,50,36,30,43,264,44
Pignite,Fire,Fighting,,,1,,,,,,#499,90,93,55,70,55,55,418,69.67
Pikachu,Electric,,,,1,,,,Field,Fairy,#025,35,55,40,50,50,90,320,53.33
Pikipek,Normal,Flying,,Y,2,,,,Flying,,#731,35,75,30,30,30,65,265,44.17
Piloswine,Ice,Ground,,,1,,,,Field,,#221,100,100,80,60,60,50,450,75
Pineco,Bug,,Bug Steel,Y,1,,,,Bug,,#204,50,65,90,35,35,15,290,48.33
Pinsir,Bug,,Bug Flying,Y,-,Y,,,Bug,,#127,65,125,100,55,70,85,500,83.33
Piplup,Water,,Water Steel,Y,2,,,Y,Water 1,Field,#393,53,51,53,61,56,40,314,52.33
Plusle,Electric,,,Y,-,Y,,,Fairy,,#311,60,50,40,85,75,95,405,67.5
Poipole,Poison,,,,-,Y,Y,,,,#803,67,73,67,73,67,73,420,70
Politoed,Water,,,,0,Y,,,,,#186,90,75,75,90,100,70,500,83.33
Poliwag,Water,,Water Fighting,Y,2,,,,Water 1,,#060,40,50,40,40,40,90,300,50
Poliwhirl,Water,,,,1,,,,Water 1,,#061,65,65,65,50,50,90,385,64.17
Poliwrath,Water,Fighting,,,0,Y,,,,,#062,90,95,95,70,90,70,510,85
Ponyta,Fire,,,Y,1,,,,Field,,#077,50,85,55,65,65,90,410,68.33
Poochyena,Dark,,,Y,1,,,,Field,,#261,35,55,35,30,30,35,220,36.67
Popplio,Water,,Water Fairy,Y,2,,,,Water 1,Field,#728,50,54,54,66,56,40,320,53.33
Porygon,Normal,,,Y,2,,,,Mineral,,#137,65,60,70,85,75,40,395,65.83
Porygon2,Normal,,,,1,,,,,,#233,85,80,90,105,95,60,515,85.83
Porygon-Z,Normal,,,,0,Y,,,,,#474,85,80,70,135,75,90,535,89.17
Primal Groudon,Ground,,,,-,Y,Y,,,,#383,100,180,160,150,90,90,770,128.33
Primal Kyogre,Water,,,,-,Y,Y,,,,#382,100,150,90,180,160,90,770,128.33
Primarina,Water,Fairy,,,0,Y,,,,,#730,80,74,74,126,116,60,530,88.33
Primeape,Fighting,,,,0,Y,,,Field,,#057,65,105,60,60,70,95,455,75.83
Prinplup,Water,,Steel,,1,,,,,,#394,64,66,68,81,76,50,405,67.5
Probopass,Rock,Steel,,,0,Y,,,Mineral,,#476,60,55,145,75,150,40,525,87.5
Psyduck,Water,,Psychic,,1,,,,,,#054,50,52,48,65,50,55,320,53.33
Pumpkaboo (Super Size),Ghost,Grass,,,1,,,,Amorphous,,#710,59,66,70,44,55,41,335,55.83
Pupitar,Rock,Ground,Dark,,1,,,,,,#247,70,84,70,65,70,51,410,68.33
Purrloin,Dark,,,Y,1,,,,Field,,#509,41,50,37,50,37,66,281,46.83
Purugly,Normal,,,,0,Y,,,,,#432,71,82,64,64,59,112,452,75.33
Pyroar,Fire,Normal,,,0,Y,,,Field,,#668,86,68,72,109,66,106,507,84.5
Pyukumuku,Water,,,Y,-,Y,,,Water 1,,#771,55,60,130,30,130,5,410,68.33
Quagsire,Water,Ground,,,0,Y,,,Water 1,Field,#195,95,85,85,65,65,35,430,71.67
Quilava,Fire,,,,1,,,,,,#156,58,64,58,80,65,80,405,67.5
Quilladin,Grass,,Fighting,,1,,,,,,#651,61,78,95,56,58,57,405,67.5
Qwilfish,Water,Poison,,Y,-,Y,,,Water 2,,#211,65,95,85,55,55,85,440,73.33
Raichu,Electric,,,,0,Y,,,Field,Fairy,#026,60,90,55,90,80,110,485,80.83
Raikou,Electric,,,,-,Y,Y,,,,#243,90,85,75,115,100,115,580,96.67
Ralts,Psychic,Fairy,Psychic Fighting,Y,2,,,,Amorphous,,#280,28,25,25,45,35,40,198,33
Rampardos,Rock,,,,0,Y,,,,,#409,97,165,60,65,50,58,495,82.5
Rapidash,Fire,,,,0,Y,,,Field,,#078,65,100,70,80,80,105,500,83.33
Raticate,Normal,,,,0,Y,,,Field,,#020,75,71,70,40,80,77,413,68.83
Rattata,Normal,,,Y,1,,,,Field,,#019,30,56,35,25,35,72,253,42.17
Rayquaza,Dragon,Flying,,,-,Y,Y,,,,#384,105,150,90,150,90,95,680,113.33
Regice,Ice,,,,-,Y,Y,,,,#378,80,50,100,100,200,50,580,96.67
Regigigas,Normal,,,,-,Y,Y,,,,#486,110,160,110,80,110,100,670,111.67
Regirock,Rock,,,,-,Y,Y,,,,#377,80,100,200,50,100,50,580,96.67
Registeel,Steel,,,,-,Y,Y,,,,#379,80,75,150,75,150,50,580,96.67
Relicanth,Water,Rock,,Y,-,Y,,,Water 1,Water 2,#369,100,90,130,45,65,55,485,80.83
Remoraid,Water,,,Y,1,,,,Water 1,Water 2,#223,35,65,35,65,35,65,300,50
Reshiram,Dragon,Fire,,,-,Y,Y,,,,#643,100,120,100,150,120,90,680,113.33
Reuniclus,Psychic,,,,0,Y,,,,,#579,110,65,75,125,85,30,490,81.67
Rhydon,Ground,Rock,,,1,,,,Monster,Field,#112,105,130,120,45,45,40,485,80.83
Rhyhorn,Ground,Rock,,Y,2,,,,Monster,Field,#111,80,85,95,30,30,25,345,57.5
Rhyperior,Ground,Rock,,,0,Y,,,,,#464,115,140,130,55,55,40,535,89.17
Ribombee,Bug,Fairy,,,0,Y,,,Bug,Fairy,#743,60,55,60,95,70,124,464,77.33
Riolu,Fighting,,Fighting Steel,Y,1,,,,Undiscovered,,#447,40,70,40,35,40,60,285,47.5
Rockruff,Rock,,,Y,1,,,,Field,,#744,45,65,40,30,40,60,280,46.67
Roggenrola,Rock,,,Y,2,,,,Mineral,,#524,55,75,85,25,25,15,280,46.67
Roselia,Grass,Poison,,,1,,,,Fairy,Grass,#315,50,60,45,100,80,65,400,66.67
Roserade,Grass,Poison,,,0,Y,,,,,#407,60,70,65,125,105,90,515,85.83
Rotom,Electric,Ghost,,Y,-,Y,,,Amorphous,,#479,50,50,77,95,77,91,440,73.33
Rowlet,Grass,Flying,Grass Ghost,Y,2,,,Y,Flying,,#722,68,55,55,50,50,42,320,53.33
Rufflet,Normal,Flying,,Y,1,,,,Flying,,#627,70,83,50,37,50,60,350,58.33
Sableye,Dark,Ghost,,Y,-,Y,,,Human-Like,,#302,50,75,75,65,65,50,380,63.33
Salamence,Dragon,Flying,,,0,Y,,,,,#373,95,135,80,110,80,100,600,100
Salandit,Poison,Fire,,,1,,,,,,#757,48,44,40,71,40,77,320,53.33
Salazzle,Poison,Fire,,,0,Y,,,,,#758,68,64,60,111,60,117,480,80
Samurott,Water,,,,0,Y,,,,,#503,95,100,85,108,70,70,528,88
Sandile,Ground,Dark,,Y,2,,,,Field,,#551,50,72,35,35,35,65,292,48.67
Sandshrew,Ground,,,Y,1,,,,Field,,#027,50,75,85,20,30,40,300,50
Sandslash,Ground,,,,0,Y,,,Field,,#028,75,100,110,45,55,65,450,75
Sandygast,Ghost,Ground,,Y,1,,,,Amorphous,,#769,55,55,80,70,45,15,320,53.33
Sawk,Fighting,,,Y,-,Y,,,Human-Like,,#539,75,125,75,30,75,85,465,77.5
Sawsbuck,Normal,Grass,,,0,Y,,,Field,,#586,80,100,70,60,70,95,475,79.17
Scatterbug,Bug,,Bug Flying,Y,2,,,,Bug,,#664,38,35,40,27,25,35,200,33.33
Sceptile,Grass,,,,0,Y,,,,,#254,70,85,65,105,85,120,530,88.33
Scizor,Bug,Steel,,,0,Y,,,,,#212,70,130,100,55,80,65,500,83.33
Scolipede,Bug,Poison,,,0,Y,,,,,#545,60,100,89,55,69,112,485,80.83
Scrafty,Dark,Fighting,,,0,Y,,,Field,Dragon,#560,65,90,115,45,115,58,488,81.33
Scraggy,Dark,Fighting,,Y,1,,,,Field,Dragon,#559,50,75,70,35,70,48,348,58
Scyther,Bug,Flying,Bug Steel,Y,1,,,,Bug,,#123,70,110,80,55,80,105,500,83.33
Seadra,Water,,,,1,,,,Water 1,Dragon,#117,55,65,95,95,45,85,440,73.33
Seaking,Water,,,,0,Y,,,Water 2,,#119,80,92,65,65,80,68,450,75
Sealeo,Ice,Water,,,1,,,,Water 1,Field,#364,90,60,70,75,70,45,410,68.33
Seedot,Grass,,,,2,,,,,,#273,40,40,50,30,30,30,220,36.67
Seel,Water,,Water Ice,Y,1,,,,Water 1,Field,#086,65,45,55,45,70,45,325,54.17
Seismitoad,Water,Ground,,,0,Y,,,Water 1,,#537,105,95,75,85,75,74,509,84.83
Sentret,Normal,,,Y,1,,,,Field,,#161,35,46,34,35,45,20,215,35.83
Serperior,Grass,,,,0,Y,,,Field,Grass,#497,75,75,95,75,95,113,528,88
Servine,Grass,,,,1,,,,Field,Grass,#496,60,60,75,60,75,83,413,68.83
Seviper,Poison,,,Y,-,Y,,,Field,Dragon,#336,73,100,60,100,60,65,458,76.33
Sewaddle,Bug,Grass,,Y,2,,,,Bug,,#540,45,53,70,40,60,42,310,51.67
Sharpedo,Water,Dark,,,0,Y,,,Water 2,,#319,70,120,40,95,40,95,460,76.67
Shaymin (Land Forme),Grass,,,,-,Y,Y,,,,#492,100,100,100,100,100,100,600,100
Shaymin (Sky Forme),Grass,Flying,,,-,Y,Y,,,,#492,100,103,75,120,75,127,600,100
Shedinja,Bug,Ghost,,,0,Y,,,,,#292,1,90,45,30,30,40,236,39.33
Shelgon,Dragon,,Flying,,1,,,,,,#372,65,95,100,60,50,50,420,70
Shellder,Water,,Water Ice,Y,1,,,,Water 3,,#090,30,65,100,45,25,40,305,50.83
Shellos,Water,,Water Ground,Y,1,,,,Water 1,Amorphous,#422,76,48,48,57,62,34,325,54.17
Shelmet,Bug,,,Y,1,,,,Bug,,#616,50,40,85,40,65,25,305,50.83
Shieldon,Rock,Steel,,Y,1,,,,Monster,,#410,30,42,118,42,88,30,350,58.33
Shiftry,Grass,Dark,,,0,Y,,,Field,Grass,#275,90,100,60,90,60,80,480,80
Shiinotic,Grass,Fairy,,,0,Y,,,Grass,,#756,60,45,80,90,100,30,405,67.5
Shinx,Electric,,,Y,2,,,,Field,,#403,45,65,34,40,34,45,263,43.83
Shroomish,Grass,,Grass Fighting,Y,1,,,,Fairy,Grass,#285,60,40,60,40,60,35,295,49.17
Shuckle,Bug,Rock,,Y,-,Y,,,Bug,,#213,20,10,230,10,230,5,505,84.17
Shuppet,Ghost,,,Y,1,,,,Amorphous,,#353,44,75,35,63,33,45,295,49.17
Sigilyph,Psychic,Flying,,Y,-,Y,,,Flying,,#561,72,58,80,103,80,97,490,81.67
Silcoon,Bug,,,,1,,,,Bug,,#266,50,35,55,25,25,15,205,34.17
Silvally,Normal,,,,0,Y,,,,,#773,95,95,95,95,95,95,570,95
Simipour,Water,,,,0,Y,,,Field,,#516,75,98,63,98,63,101,498,83
Simisage,Grass,,,,0,Y,,,,,#512,75,98,63,98,63,101,498,83
Simisear,Fire,,,,0,Y,,,,,#514,75,98,63,98,63,101,498,83
Skarmory,Steel,Flying,,Y,-,Y,,,Flying,,#227,65,80,140,40,70,70,465,77.5
Skiddo,Grass,,,Y,1,,,,Field,,#672,66,65,48,62,57,52,350,58.33
Skiploom,Grass,Flying,,,1,,,,Fairy,Grass,#188,55,45,50,45,65,80,340,56.67
Skitty,Normal,,,Y,1,,,,Field,Fairy,#300,50,45,45,35,35,50,260,43.33
Skorupi,Poison,Bug,Poison Dark,Y,1,,,,Bug,Water 3,#451,40,50,90,30,55,65,330,55
Skrelp,Poison,Water,Poison Dragon,Y,1,,,,Water 1,Dragon,#690,50,60,60,60,60,30,320,53.33
Skuntank,Poison,Dark,,,0,Y,,,Field,,#435,103,93,67,71,61,84,479,79.83
Slaking,Normal,,,,0,Y,,,,,#289,150,160,100,95,65,100,670,111.67
Slakoth,Normal,,,Y,2,,,,Field,,#287,60,60,60,35,35,30,280,46.67
Sliggoo,Dragon,,,,1,,,,,,#705,68,75,53,83,113,60,452,75.33
Slowbro,Water,Psychic,,,0,Y,,,,,#080,95,75,110,100,80,30,490,81.67
Slowking,Water,Psychic,,,0,Y,,,,,#199,95,75,80,100,110,30,490,81.67
Slowpoke,Water,Psychic,,Y,1,,,,Monster,Water 1,#079,90,65,65,40,40,15,315,52.5
Slugma,Fire,,Fire Rock,Y,1,,,,Amorphous,,#218,40,40,40,70,40,20,250,41.67
Slurpuff,Fairy,,,,0,Y,,,,,#685,82,80,86,85,75,72,480,80
Smeargle,Normal,,,Y,-,Y,,,Field,,#235,55,20,35,20,45,75,250,41.67
Smoochum,Ice,Psychic,,Y,1,,,,Undiscovered,,#238,45,30,15,85,65,65,305,50.83
Sneasel,Dark,Ice,,Y,1,,,,Field,,#215,55,95,55,35,75,115,430,71.67
Snivy,Grass,,,Y,2,,,Y,Field,Grass,#495,45,45,55,45,55,63,308,51.33
Snorlax,Normal,,,,0,Y,,,,,#143,160,110,65,65,110,30,540,90
Snorunt,Ice,,Ice Ghost,Y,1,,,,Fairy,Mineral,#361,50,50,50,50,50,50,300,50
Snover,Grass,Ice,,Y,1,,,,Monster,Grass,#459,60,62,50,62,60,40,334,55.67
Snubbull,Fairy,,,Y,1,,,,Field,Fairy,#209,60,80,50,40,40,30,300,50
Solgaleo,Psychic,Steel,,,0,Y,Y,,,,#791,137,137,107,113,89,97,680,113.33
Solosis,Psychic,,,Y,2,,,,Amorphous,,#577,45,30,40,105,50,20,290,48.33
Solrock,Rock,Psychic,,Y,-,Y,,,Mineral,,#338,90,95,85,55,65,70,460,76.67
Spearow,Normal,Flying,,Y,1,,,,Flying,,#021,40,60,30,31,31,70,262,43.67
Spewpa,Bug,,,,1,,,,Bug,,#665,45,22,60,27,30,29,213,35.5
Spheal,Ice,Water,,Y,2,,,,Water 1,Field,#363,70,40,50,55,50,25,290,48.33
Spinarak,Bug,Poison,,Y,1,,,,Bug,,#167,40,60,40,40,40,30,250,41.67
Spinda,Normal,,,Y,-,Y,,,Field,Human-Like,#327,60,60,60,60,60,60,360,60
Spiritomb,Ghost,Dark,,Y,-,Y,,,Amorphous,,#442,50,92,108,92,108,35,485,80.83
Spoink,Psychic,,,Y,1,,,,Field,,#325,60,25,35,70,80,60,330,55
Spritzee,Fairy,,,Y,1,,,,Fairy,,#682,78,52,60,63,65,23,341,56.83
Squirtle,Water,,,Y,2,,,Y,Monster,Water 1,#007,44,48,65,50,64,43,314,52.33
Stakataka,Rock,Steel,,,-,Y,Y,,,,#805,61,131,211,53,101,13,570,95
Stantler,Normal,,,Y,-,Y,,,Field,,#234,73,95,62,85,65,85,465,77.5
Staraptor,Normal,Flying,,,0,Y,,,Flying,,#398,85,120,70,50,60,100,485,80.83
Staravia,Normal,Flying,,,1,,,,Flying,,#397,55,75,50,40,40,80,340,56.67
Starly,Normal,Flying,,Y,2,,,,Flying,,#396,40,55,30,30,30,60,245,40.83
Starmie,Water,Psychic,,,0,Y,,,,,#121,60,75,85,100,85,115,520,86.67
Staryu,Water,,Water Psychic,Y,1,,,,Water 3,,#120,30,45,55,70,55,85,340,56.67
Steelix,Steel,Ground,,,0,Y,,,Mineral,,#208,75,85,200,55,65,30,510,85
Steenee,Grass,,,,1,,,,,,#762,52,40,48,40,48,62,290,48.33
Stoutland,Normal,,,,0,Y,,,,,#508,85,110,90,45,90,80,500,83.33
Stufful,Normal,Fighting,,Y,1,,,,Field,,#759,70,75,50,45,50,50,340,56.67
Stunfisk,Ground,Electric,,Y,-,Y,,,Water 1,Amorphous,#618,109,66,84,81,99,32,471,78.5
Stunky,Poison,Dark,,Y,1,,,,Field,,#434,63,63,47,41,41,74,329,54.83
Sudowoodo,Rock,,,,0,Y,,,Mineral,,#185,70,100,115,30,65,30,410,68.33
Suicune,Water,,,,-,Y,Y,,,,#245,100,75,115,90,115,85,580,96.67
Sunflora,Grass,,,,0,Y,,,Grass,,#192,75,75,55,105,85,30,425,70.83
Sunkern,Grass,,,,1,,,,,,#191,30,30,30,30,30,30,180,30
Surskit,Bug,Water,Bug Flying,Y,1,,,,Water 1,Bug,#283,40,30,32,50,52,65,269,44.83
Swablu,Normal,Flying,Dragon Flying Dragon Fairy,Y,1,,,,Flying,Dragon,#333,45,40,60,40,75,50,310,51.67
Swadloon,Bug,Grass,,,1,,,,,,#541,55,63,90,50,80,42,380,63.33
Swalot,Poison,,,,0,Y,,,Amorphous,,#317,100,73,83,73,83,55,467,77.83
Swampert,Water,Ground,,,0,Y,,,,,#260,100,110,90,85,90,60,535,89.17
Swanna,Water,Flying,,,0,Y,,,Water 1,Flying,#581,75,87,63,87,63,98,473,78.83
Swellow,Normal,Flying,,,0,Y,,,,,#277,60,85,60,75,50,125,455,75.83
Swinub,Ice,Ground,,Y,2,,,,Field,,#220,50,50,40,30,30,50,250,41.67
Swirlix,Fairy,,,Y,1,,,,Fairy,,#684,62,48,66,59,57,49,341,56.83
Swoobat,Psychic,Flying,,,0,Y,,,Field,Flying,#528,67,57,55,77,55,114,425,70.83
Sylveon,Fairy,,,,0,Y,,,,,#700,95,65,65,110,130,60,525,87.5
Taillow,Normal,Flying,,Y,1,,,,Flying,,#276,40,55,30,30,30,85,270,45
Talonflame,Fire,Flying,,,0,Y,,,Flying,,#663,78,81,71,74,69,126,499,83.17
Tangela,Grass,,,Y,1,,,,Grass,,#114,65,55,115,100,40,60,435,72.5
Tangrowth,Grass,,,,0,Y,,,Grass,,#465,100,100,125,110,50,50,535,89.17
Tapu Bulu,Grass,Fairy,,,-,Y,Y,,,,#787,70,130,115,85,95,75,570,95
Tapu Fini,Water,Fairy,,,-,Y,Y,,,,#788,70,75,115,95,130,85,570,95
Tapu Koko,Electric,Fairy,,,-,Y,Y,,,,#785,70,115,85,95,75,130,570,95
Tapu Lele,Psychic,Fairy,,,-,Y,Y,,,,#786,70,85,75,130,115,95,570,95
Tauros,Normal,,,Y,-,Y,,,Field,,#128,75,100,95,40,70,110,490,81.67
Teddiursa,Normal,,,Y,1,,,,Field,,#216,60,80,50,50,50,40,330,55
Tentacool,Water,Poison,,Y,1,,,,Water 3,,#072,40,40,35,50,100,70,335,55.83
Tentacruel,Water,Poison,,,0,Y,,,Water 3,,#073,80,70,65,80,120,100,515,85.83
Tepig,Fire,,Fire Fighting,Y,2,,,Y,Field,,#498,65,63,45,45,45,45,308,51.33
Terrakion,Rock,Fighting,,,-,Y,Y,,,,#639,91,129,90,72,90,108,580,96.67
Throh,Fighting,,,Y,-,Y,,,Human-Like,,#538,120,100,85,30,85,45,465,77.5
Thundurus (Incarnate Forme),Electric,Flying,,,-,Y,Y,,,,#642,79,115,70,125,80,111,580,96.67
Thundurus (Therian Forme),Electric,Flying,,,-,Y,Y,,,,#642,79,105,70,145,80,101,580,96.67
Timburr,Fighting,,,Y,2,,,,Human-Like,,#532,75,80,55,25,35,35,305,50.83
Tirtouga,Water,Rock,,Y,1,,,,Water 1,Water 3,#564,54,78,103,53,45,22,355,59.17
Togedemaru,Electric,Steel,,Y,-,Y,,,Field,Fairy,#777,65,98,63,40,73,96,435,72.5
Togekiss,Fairy,Flying,,,0,Y,,,,,#468,85,50,95,120,115,80,545,90.83
Togepi,Fairy,,Fairy Flying,Y,2,,,,Undiscovered,,#175,35,20,65,40,65,20,245,40.83
Togetic,Fairy,Flying,,,1,,,,,,#176,55,40,85,80,105,40,405,67.5
Torchic,Fire,,Fire Fighting,Y,2,,,Y,Field,,#255,45,60,40,70,50,45,310,51.67
Torkoal,Fire,,,Y,-,Y,,,Field,,#324,70,85,140,85,70,20,470,78.33
Tornadus (Incarnate Forme),Flying,,,,-,Y,Y,,,,#641,79,115,70,125,80,111,580,96.67
Tornadus (Therian Forme),Flying,,,,-,Y,Y,,,,#641,79,100,80,110,90,121,580,96.67
Torracat,Fire,,Dark,,1,,,,,,#726,65,85,50,80,50,90,420,70
Torterra,Grass,Ground,,,0,Y,,,,,#389,95,109,105,75,85,56,525,87.5
Totodile,Water,,,Y,2,,,Y,Monster,Water 1,#158,50,65,64,44,48,43,314,52.33
Toucannon,Normal,Flying,,,0,Y,,,Flying,,#733,80,120,75,75,75,60,485,80.83
Toxapex,Poison,Water,,,0,Y,,,Water 1,,#748,50,63,152,53,142,35,495,82.5
Toxicroak,Poison,Fighting,,,0,Y,,,,,#454,83,106,65,86,65,85,490,81.67
Tranquill,Normal,Flying,,,1,,,,Flying,,#520,62,77,62,50,42,65,358,59.67
Trapinch,Ground,,Ground Dragon,Y,2,,,,Bug,,#328,45,100,45,45,45,10,290,48.33
Treecko,Grass,,Grass Dragon,Y,2,,,Y,Monster,Dragon,#252,40,45,35,65,55,70,310,51.67
Trevenant,Ghost,Grass,,,0,Y,,,Grass,Amorphous,#709,85,110,76,65,82,56,474,79
Tropius,Grass,Flying,,Y,-,Y,,,Monster,Grass,#357,99,68,83,72,87,51,460,76.67
Trubbish,Poison,,,Y,1,,,,Mineral,,#568,50,50,62,40,62,65,329,54.83
Trumbeak,Normal,Flying,,,1,,,,Flying,,#732,55,85,50,40,50,75,355,59.17
Tsareena,Grass,,,,0,Y,,,,,#763,72,120,98,50,98,72,510,85
Turtonator,Fire,Dragon,,Y,-,Y,,,Monster,Dragon,#776,60,78,135,91,85,36,485,80.83
Turtwig,Grass,,Grass Ground,Y,2,,,Y,Monster,Grass,#387,55,68,64,45,55,31,318,53
Tympole,Water,,,,1,,,,,,#535,50,50,40,50,40,64,294,49
Tynamo,Electric,,,Y,2,,,,Amorphous,,#602,35,55,40,45,40,60,275,45.83
Type Null,Normal,,,Y,1,,,,Undiscovered,,#772,95,95,95,95,95,59,534,89
Typhlosion,Fire,,,,0,Y,,,,,#157,78,84,78,109,85,100,534,89
Tyranitar,Rock,Dark,,,0,Y,,,,,#248,100,134,110,95,100,61,600,100
Tyrantrum,Rock,Dragon,,,0,Y,,,,,#697,82,121,119,69,59,71,521,86.83
Tyrogue,Fighting,,,Y,1,,,,Undiscovered,,#236,35,35,35,35,35,35,210,35
Tyrunt,Rock,Dragon,,Y,1,,,,Monster,Dragon,#696,58,89,77,45,45,48,362,60.33
Ultra Necrozma,Psychic,,,,-,Y,Y,,,,#800,97,167,97,167,97,129,754,125.67
Umbreon,Dark,,,,0,Y,,,,,#197,95,65,110,60,130,65,525,87.5
Unfezant,Normal,Flying,,,0,Y,,,Flying,,#521,80,115,80,65,55,93,488,81.33
Unown,Psychic,,,Y,-,Y,,,Undiscovered,,#201,48,72,48,72,48,48,336,56
Ursaring,Normal,,,,0,Y,,,Field,,#217,90,130,75,75,75,55,500,83.33
Uxie,Psychic,,,,-,Y,Y,,,,#480,75,75,130,75,130,95,580,96.67
Vanillish,Ice,,,,1,,,,Mineral,,#583,51,65,65,80,75,59,395,65.83
Vanillite,Ice,,,Y,2,,,,Mineral,,#582,36,50,50,65,60,44,305,50.83
Vanilluxe,Ice,,,,0,Y,,,,,#584,71,95,85,110,95,79,535,89.17
Vaporeon,Water,,,,0,Y,,,,,#134,130,65,60,110,95,65,525,87.5
Venipede,Bug,Poison,,Y,2,,,,Bug,,#543,30,45,59,30,39,57,260,43.33
Venomoth,Bug,Poison,,,0,Y,,,Bug,,#049,70,65,60,90,75,90,450,75
Venonat,Bug,Poison,,Y,1,,,,Bug,,#048,60,55,50,40,55,45,305,50.83
Venusaur,Grass,Poison,,,0,Y,,,,,#003,80,82,83,100,100,80,525,87.5
Vespiquen,Bug,Flying,,,0,Y,,,Bug,,#416,70,80,102,80,102,40,474,79
Vibrava,Ground,Dragon,,,1,,,,Bug,,#329,50,70,50,50,50,70,340,56.67
Victini,Psychic,Fire,,,-,Y,Y,,,,#494,100,100,100,100,100,100,600,100
Victreebel,Grass,Poison,,,0,Y,,,,,#071,80,105,65,100,70,70,490,81.67
Vigoroth,Normal,,,,1,,,,Field,,#288,80,80,80,55,55,90,440,73.33
Vikavolt,Bug,Electric,,,0,Y,,,Bug,,#738,77,70,90,145,75,43,500,83.33
Vileplume,Grass,Poison,,,0,Y,,,Grass,,#045,75,80,85,110,90,50,490,81.67
Virizion,Grass,Fighting,,,-,Y,Y,,,,#640,91,90,72,90,129,108,580,96.67
Vivillon,Bug,Flying,,,0,Y,,,Bug,,#666,80,52,50,90,50,89,411,68.5
Volbeat,Bug,,,Y,-,Y,,,Bug,Human-Like,#313,65,73,75,47,85,85,430,71.67
Volcanion,Fire,Water,,,-,Y,Y,,,,#721,80,110,120,130,90,70,600,100
Volcarona,Bug,Fire,,,0,Y,,,,,#637,85,60,65,135,105,100,550,91.67
Voltorb,Electric,,,Y,1,,,,Mineral,,#100,40,30,50,55,55,100,330,55
Vullaby,Dark,Flying,,Y,1,,,,Flying,,#629,70,55,75,45,65,60,370,61.67
Vulpix,Fire,,,Y,1,,,,Field,,#037,38,41,40,50,65,65,299,49.83
Wailmer,Water,,,Y,1,,,,Field,Water 2,#320,130,70,35,70,35,60,400,66.67
Wailord,Water,,,,0,Y,,,Field,Water 2,#321,170,90,45,90,45,60,500,83.33
Walrein,Ice,Water,,,0,Y,,,Water 1,Field,#365,110,80,90,95,90,65,530,88.33
Wartortle,Water,,,,1,,,,,,#008,59,63,80,65,80,58,405,67.5
Wash Rotom,Electric,Water,,,-,Y,,,,,#479,50,65,107,105,107,86,520,86.67
Watchog,Normal,,,,0,Y,,,Field,,#505,60,85,69,60,69,77,420,70
Weavile,Dark,Ice,,,0,Y,,,,,#461,70,120,65,45,85,125,510,85
Weedle,Bug,Poison,,,2,,,,,,#013,40,35,30,20,20,50,195,32.5
Weepinbell,Grass,Poison,,,1,,,,Grass,,#070,65,90,50,85,45,55,390,65
Weezing,Poison,,,,0,Y,,,Amorphous,,#110,65,90,120,85,70,60,490,81.67
Whimsicott,Grass,Fairy,,,0,Y,,,Grass,Fairy,#547,60,67,85,77,75,116,480,80
Whirlipede,Bug,Poison,,,1,,,,,,#544,40,55,99,40,79,47,360,60
Whiscash,Water,Ground,,,0,Y,,,Water 2,,#340,110,78,73,76,71,60,468,78
Whismur,Normal,,,Y,2,,,,Monster,Field,#293,64,51,23,51,23,28,240,40
White Kyurem,Dragon,Ice,,,-,Y,Y,,,,#646,125,120,90,170,100,95,700,116.67
Wigglytuff,Normal,Fairy,,,0,Y,,,Fairy,,#040,140,70,45,85,50,45,435,72.5
Wimpod,Bug,Water,,Y,1,,,,Bug,Water 3,#767,25,35,40,20,30,80,230,38.33
Wingull,Water,Flying,,Y,1,,,,Water 1,Flying,#278,40,30,30,55,30,85,270,45
Wishiwashi (School Form),Water,,,,-,Y,,,Water 2,,#746,45,140,130,140,135,30,620,103.33
Wishiwashi (Solo Form),Water,,,,-,Y,,,Water 2,,#746,45,20,20,25,25,40,175,29.17
Wobbuffet,Psychic,,,,0,Y,,,,,#202,190,33,58,33,58,33,405,67.5
Woobat,Psychic,Flying,,Y,1,,,,Field,Flying,#527,65,45,43,55,43,72,323,53.83
Wooper,Water,Ground,,,1,,,,,,#194,55,45,45,25,25,15,210,35
Wormadam (Plant Cloak),Bug,Grass,,,0,Y,,,Bug,,#413,60,59,85,79,105,36,424,70.67
Wormadam (Sandy Cloak),Bug,Ground,,,0,Y,,,Bug,,#413,60,79,105,59,85,36,424,70.67
Wormadam (Trash Cloak),Bug,Steel,,,0,Y,,,Bug,,#413,60,69,95,69,95,36,424,70.67
Wurmple,Bug,,Bug Flying Bug Poison,Y,2,,,,Bug,,#265,45,45,35,20,30,20,195,32.5
Wynaut,Psychic,,,Y,1,,,,Undiscovered,,#360,95,23,48,23,48,23,260,43.33
Xatu,Psychic,Flying,,,0,Y,,,Flying,,#178,65,75,70,95,70,95,470,78.33
Xerneas,Fairy,,,,-,Y,Y,,,,#716,126,131,95,131,98,99,680,113.33
Xurkitree,Electric,,,,-,Y,Y,,,,#796,83,89,71,173,71,83,570,95
Yamask,Ghost,,,Y,1,,,,Mineral,Amorphous,#562,38,30,85,55,65,30,303,50.5
Yanma,Bug,Flying,,Y,1,,,,Bug,,#193,65,65,45,75,45,95,390,65
Yanmega,Bug,Flying,,,0,Y,,,Bug,,#469,86,76,86,116,56,95,515,85.83
Yungoos,Normal,,,Y,1,,,,Field,,#734,48,70,30,30,30,45,253,42.17
Yveltal,Dark,Flying,,,-,Y,Y,,,,#717,126,131,95,131,98,99,680,113.33
Zangoose,Normal,,,Y,-,Y,,,Field,,#335,73,115,60,60,60,90,458,76.33
Zapdos,Electric,Flying,,,-,Y,Y,,,,#145,90,90,85,125,90,100,580,96.67
Zebstrika,Electric,,,,0,Y,,,Field,,#523,75,100,63,80,63,116,497,82.83
Zekrom,Dragon,Electric,,,-,Y,Y,,,,#644,100,150,120,120,100,90,680,113.33
Zeraora,Electric,,,,-,Y,Y,,,,#807,88,112,75,102,80,143,600,100
Zigzagoon,Normal,,,Y,1,,,,Field,,#263,38,30,41,30,41,60,240,40
Zoroark,Dark,,,,0,Y,,,,,#571,60,105,60,120,60,105,510,85
Zorua,Dark,,,Y,1,,,,Field,,#570,40,65,40,80,40,65,330,55
Zubat,Poison,Flying,,Y,2,,,,Flying,,#041,40,45,35,30,40,55,245,40.83
Zweilous,Dark,Dragon,,,1,,,,,,#634,72,85,70,65,70,58,420,70
Zygarde (Complete Forme),Dragon,Ground,,,-,Y,Y,,,,#718,216,100,121,91,95,85,708,118
