"","X","Number","Name","Type1","Type2","Total","HP","Attack","Defense","SpecialAtk","SpecialDef","Speed","Generation","Legendary"
"1",1,"Bulbasaur","Bulbasaur","Grass","Poison",318,45,49,49,65,65,45,1,FALSE
"2",2,"Ivysaur","Ivysaur","Grass","Poison",405,60,62,63,80,80,60,1,FALSE
"3",3,"Venusaur","Venusaur","Grass","Poison",525,80,82,83,100,100,80,1,FALSE
"4",4,"Mega Venusaur","Mega Venusaur","Grass","Poison",625,80,100,123,122,120,80,1,FALSE
"5",5,"Charmander","Charmander","Fire","None",309,39,52,43,60,50,65,1,FALSE
"6",6,"Charmeleon","Charmeleon","Fire","None",405,58,64,58,80,65,80,1,FALSE
"7",7,"Charizard","Charizard","Fire","Flying",534,78,84,78,109,85,100,1,FALSE
"8",8,"Mega Charizard X","Mega Charizard X","Fire","Dragon",634,78,130,111,130,85,100,1,FALSE
"9",9,"Mega Charizard Y","Mega Charizard Y","Fire","Flying",634,78,104,78,159,115,100,1,FALSE
"10",10,"Squirtle","Squirtle","Water","None",314,44,48,65,50,64,43,1,FALSE
"11",11,"Wartortle","Wartortle","Water","None",405,59,63,80,65,80,58,1,FALSE
"12",12,"Blastoise","Blastoise","Water","None",530,79,83,100,85,105,78,1,FALSE
"13",13,"Mega Blastoise","Mega Blastoise","Water","None",630,79,103,120,135,115,78,1,FALSE
"14",14,"Caterpie","Caterpie","Bug","None",195,45,30,35,20,20,45,1,FALSE
"15",15,"Metapod","Metapod","Bug","None",205,50,20,55,25,25,30,1,FALSE
"16",16,"Butterfree","Butterfree","Bug","Flying",395,60,45,50,90,80,70,1,FALSE
"17",17,"Weedle","Weedle","Bug","Poison",195,40,35,30,20,20,50,1,FALSE
"18",18,"Kakuna","Kakuna","Bug","Poison",205,45,25,50,25,25,35,1,FALSE
"19",19,"Beedrill","Beedrill","Bug","Poison",395,65,90,40,45,80,75,1,FALSE
"20",20,"Mega Beedrill","Mega Beedrill","Bug","Poison",495,65,150,40,15,80,145,1,FALSE
"21",21,"Pidgey","Pidgey","Normal","Flying",251,40,45,40,35,35,56,1,FALSE
"22",22,"Pidgeotto","Pidgeotto","Normal","Flying",349,63,60,55,50,50,71,1,FALSE
"23",23,"Pidgeot","Pidgeot","Normal","Flying",479,83,80,75,70,70,101,1,FALSE
"24",24,"Mega Pidgeot","Mega Pidgeot","Normal","Flying",579,83,80,80,135,80,121,1,FALSE
"25",25,"Rattata","Rattata","Normal","None",253,30,56,35,25,35,72,1,FALSE
"26",26,"Raticate","Raticate","Normal","None",413,55,81,60,50,70,97,1,FALSE
"27",27,"Spearow","Spearow","Normal","Flying",262,40,60,30,31,31,70,1,FALSE
"28",28,"Fearow","Fearow","Normal","Flying",442,65,90,65,61,61,100,1,FALSE
"29",29,"Ekans","Ekans","Poison","None",288,35,60,44,40,54,55,1,FALSE
"30",30,"Arbok","Arbok","Poison","None",438,60,85,69,65,79,80,1,FALSE
"31",31,"Pikachu","Pikachu","Electric","None",320,35,55,40,50,50,90,1,FALSE
"32",32,"Raichu","Raichu","Electric","None",485,60,90,55,90,80,110,1,FALSE
"33",33,"Sandshrew","Sandshrew","Ground","None",300,50,75,85,20,30,40,1,FALSE
"34",34,"Sandslash","Sandslash","Ground","None",450,75,100,110,45,55,65,1,FALSE
"35",35,"Nidoran","Nidoran","Poison","None",275,55,47,52,40,40,41,1,FALSE
"36",36,"Nidorina","Nidorina","Poison","None",365,70,62,67,55,55,56,1,FALSE
"37",37,"Nidoqueen","Nidoqueen","Poison","Ground",505,90,92,87,75,85,76,1,FALSE
"38",38,"Nidoran","Nidoran","Poison","None",273,46,57,40,40,40,50,1,FALSE
"39",39,"Nidorino","Nidorino","Poison","None",365,61,72,57,55,55,65,1,FALSE
"40",40,"Nidoking","Nidoking","Poison","Ground",505,81,102,77,85,75,85,1,FALSE
"41",41,"Clefairy","Clefairy","Fairy","None",323,70,45,48,60,65,35,1,FALSE
"42",42,"Clefable","Clefable","Fairy","None",483,95,70,73,95,90,60,1,FALSE
"43",43,"Vulpix","Vulpix","Fire","None",299,38,41,40,50,65,65,1,FALSE
"44",44,"Ninetales","Ninetales","Fire","None",505,73,76,75,81,100,100,1,FALSE
"45",45,"Jigglypuff","Jigglypuff","Normal","Fairy",270,115,45,20,45,25,20,1,FALSE
"46",46,"Wigglytuff","Wigglytuff","Normal","Fairy",435,140,70,45,85,50,45,1,FALSE
"47",47,"Zubat","Zubat","Poison","Flying",245,40,45,35,30,40,55,1,FALSE
"48",48,"Golbat","Golbat","Poison","Flying",455,75,80,70,65,75,90,1,FALSE
"49",49,"Oddish","Oddish","Grass","Poison",320,45,50,55,75,65,30,1,FALSE
"50",50,"Gloom","Gloom","Grass","Poison",395,60,65,70,85,75,40,1,FALSE
"51",51,"Vileplume","Vileplume","Grass","Poison",490,75,80,85,110,90,50,1,FALSE
"52",52,"Paras","Paras","Bug","Grass",285,35,70,55,45,55,25,1,FALSE
"53",53,"Parasect","Parasect","Bug","Grass",405,60,95,80,60,80,30,1,FALSE
"54",54,"Venonat","Venonat","Bug","Poison",305,60,55,50,40,55,45,1,FALSE
"55",55,"Venomoth","Venomoth","Bug","Poison",450,70,65,60,90,75,90,1,FALSE
"56",56,"Diglett","Diglett","Ground","None",265,10,55,25,35,45,95,1,FALSE
"57",57,"Dugtrio","Dugtrio","Ground","None",405,35,80,50,50,70,120,1,FALSE
"58",58,"Meowth","Meowth","Normal","None",290,40,45,35,40,40,90,1,FALSE
"59",59,"Persian","Persian","Normal","None",440,65,70,60,65,65,115,1,FALSE
"60",60,"Psyduck","Psyduck","Water","None",320,50,52,48,65,50,55,1,FALSE
"61",61,"Golduck","Golduck","Water","None",500,80,82,78,95,80,85,1,FALSE
"62",62,"Mankey","Mankey","Fighting","None",305,40,80,35,35,45,70,1,FALSE
"63",63,"Primeape","Primeape","Fighting","None",455,65,105,60,60,70,95,1,FALSE
"64",64,"Growlithe","Growlithe","Fire","None",350,55,70,45,70,50,60,1,FALSE
"65",65,"Arcanine","Arcanine","Fire","None",555,90,110,80,100,80,95,1,FALSE
"66",66,"Poliwag","Poliwag","Water","None",300,40,50,40,40,40,90,1,FALSE
"67",67,"Poliwhirl","Poliwhirl","Water","None",385,65,65,65,50,50,90,1,FALSE
"68",68,"Poliwrath","Poliwrath","Water","Fighting",510,90,95,95,70,90,70,1,FALSE
"69",69,"Abra","Abra","Psychic","None",310,25,20,15,105,55,90,1,FALSE
"70",70,"Kadabra","Kadabra","Psychic","None",400,40,35,30,120,70,105,1,FALSE
"71",71,"Alakazam","Alakazam","Psychic","None",500,55,50,45,135,95,120,1,FALSE
"72",72,"Mega Alakazam","Mega Alakazam","Psychic","None",590,55,50,65,175,95,150,1,FALSE
"73",73,"Machop","Machop","Fighting","None",305,70,80,50,35,35,35,1,FALSE
"74",74,"Machoke","Machoke","Fighting","None",405,80,100,70,50,60,45,1,FALSE
"75",75,"Machamp","Machamp","Fighting","None",505,90,130,80,65,85,55,1,FALSE
"76",76,"Bellsprout","Bellsprout","Grass","Poison",300,50,75,35,70,30,40,1,FALSE
"77",77,"Weepinbell","Weepinbell","Grass","Poison",390,65,90,50,85,45,55,1,FALSE
"78",78,"Victreebel","Victreebel","Grass","Poison",490,80,105,65,100,70,70,1,FALSE
"79",79,"Tentacool","Tentacool","Water","Poison",335,40,40,35,50,100,70,1,FALSE
"80",80,"Tentacruel","Tentacruel","Water","Poison",515,80,70,65,80,120,100,1,FALSE
"81",81,"Geodude","Geodude","Rock","Ground",300,40,80,100,30,30,20,1,FALSE
"82",82,"Graveler","Graveler","Rock","Ground",390,55,95,115,45,45,35,1,FALSE
"83",83,"Golem","Golem","Rock","Ground",495,80,120,130,55,65,45,1,FALSE
"84",84,"Ponyta","Ponyta","Fire","None",410,50,85,55,65,65,90,1,FALSE
"85",85,"Rapidash","Rapidash","Fire","None",500,65,100,70,80,80,105,1,FALSE
"86",86,"Slowpoke","Slowpoke","Water","Psychic",315,90,65,65,40,40,15,1,FALSE
"87",87,"Slowbro","Slowbro","Water","Psychic",490,95,75,110,100,80,30,1,FALSE
"88",88,"Mega Slowbro","Mega Slowbro","Water","Psychic",590,95,75,180,130,80,30,1,FALSE
"89",89,"Magnemite","Magnemite","Electric","Steel",325,25,35,70,95,55,45,1,FALSE
"90",90,"Magneton","Magneton","Electric","Steel",465,50,60,95,120,70,70,1,FALSE
"91",91,"Farfetchd","Farfetch'd","Normal","Flying",352,52,65,55,58,62,60,1,FALSE
"92",92,"Doduo","Doduo","Normal","Flying",310,35,85,45,35,35,75,1,FALSE
"93",93,"Dodrio","Dodrio","Normal","Flying",460,60,110,70,60,60,100,1,FALSE
"94",94,"Seel","Seel","Water","None",325,65,45,55,45,70,45,1,FALSE
"95",95,"Dewgong","Dewgong","Water","Ice",475,90,70,80,70,95,70,1,FALSE
"96",96,"Grimer","Grimer","Poison","None",325,80,80,50,40,50,25,1,FALSE
"97",97,"Muk","Muk","Poison","None",500,105,105,75,65,100,50,1,FALSE
"98",98,"Shellder","Shellder","Water","None",305,30,65,100,45,25,40,1,FALSE
"99",99,"Cloyster","Cloyster","Water","Ice",525,50,95,180,85,45,70,1,FALSE
"100",100,"Gastly","Gastly","Ghost","Poison",310,30,35,30,100,35,80,1,FALSE
"101",101,"Haunter","Haunter","Ghost","Poison",405,45,50,45,115,55,95,1,FALSE
"102",102,"Gengar","Gengar","Ghost","Poison",500,60,65,60,130,75,110,1,FALSE
"103",103,"Mega Gengar","Mega Gengar","Ghost","Poison",600,60,65,80,170,95,130,1,FALSE
"104",104,"Onix","Onix","Rock","Ground",385,35,45,160,30,45,70,1,FALSE
"105",105,"Drowzee","Drowzee","Psychic","None",328,60,48,45,43,90,42,1,FALSE
"106",106,"Hypno","Hypno","Psychic","None",483,85,73,70,73,115,67,1,FALSE
"107",107,"Krabby","Krabby","Water","None",325,30,105,90,25,25,50,1,FALSE
"108",108,"Kingler","Kingler","Water","None",475,55,130,115,50,50,75,1,FALSE
"109",109,"Voltorb","Voltorb","Electric","None",330,40,30,50,55,55,100,1,FALSE
"110",110,"Electrode","Electrode","Electric","None",480,60,50,70,80,80,140,1,FALSE
"111",111,"Exeggcute","Exeggcute","Grass","Psychic",325,60,40,80,60,45,40,1,FALSE
"112",112,"Exeggutor","Exeggutor","Grass","Psychic",520,95,95,85,125,65,55,1,FALSE
"113",113,"Cubone","Cubone","Ground","None",320,50,50,95,40,50,35,1,FALSE
"114",114,"Marowak","Marowak","Ground","None",425,60,80,110,50,80,45,1,FALSE
"115",115,"Hitmonlee","Hitmonlee","Fighting","None",455,50,120,53,35,110,87,1,FALSE
"116",116,"Hitmonchan","Hitmonchan","Fighting","None",455,50,105,79,35,110,76,1,FALSE
"117",117,"Lickitung","Lickitung","Normal","None",385,90,55,75,60,75,30,1,FALSE
"118",118,"Koffing","Koffing","Poison","None",340,40,65,95,60,45,35,1,FALSE
"119",119,"Weezing","Weezing","Poison","None",490,65,90,120,85,70,60,1,FALSE
"120",120,"Rhyhorn","Rhyhorn","Ground","Rock",345,80,85,95,30,30,25,1,FALSE
"121",121,"Rhydon","Rhydon","Ground","Rock",485,105,130,120,45,45,40,1,FALSE
"122",122,"Chansey","Chansey","Normal","None",450,250,5,5,35,105,50,1,FALSE
"123",123,"Tangela","Tangela","Grass","None",435,65,55,115,100,40,60,1,FALSE
"124",124,"Kangaskhan","Kangaskhan","Normal","None",490,105,95,80,40,80,90,1,FALSE
"125",125,"Mega Kangaskhan","Mega Kangaskhan","Normal","None",590,105,125,100,60,100,100,1,FALSE
"126",126,"Horsea","Horsea","Water","None",295,30,40,70,70,25,60,1,FALSE
"127",127,"Seadra","Seadra","Water","None",440,55,65,95,95,45,85,1,FALSE
"128",128,"Goldeen","Goldeen","Water","None",320,45,67,60,35,50,63,1,FALSE
"129",129,"Seaking","Seaking","Water","None",450,80,92,65,65,80,68,1,FALSE
"130",130,"Staryu","Staryu","Water","None",340,30,45,55,70,55,85,1,FALSE
"131",131,"Starmie","Starmie","Water","Psychic",520,60,75,85,100,85,115,1,FALSE
"132",132,"Mr Mime","Mr. Mime","Psychic","Fairy",460,40,45,65,100,120,90,1,FALSE
"133",133,"Scyther","Scyther","Bug","Flying",500,70,110,80,55,80,105,1,FALSE
"134",134,"Jynx","Jynx","Ice","Psychic",455,65,50,35,115,95,95,1,FALSE
"135",135,"Electabuzz","Electabuzz","Electric","None",490,65,83,57,95,85,105,1,FALSE
"136",136,"Magmar","Magmar","Fire","None",495,65,95,57,100,85,93,1,FALSE
"137",137,"Pinsir","Pinsir","Bug","None",500,65,125,100,55,70,85,1,FALSE
"138",138,"Mega Pinsir","Mega Pinsir","Bug","Flying",600,65,155,120,65,90,105,1,FALSE
"139",139,"Tauros","Tauros","Normal","None",490,75,100,95,40,70,110,1,FALSE
"140",140,"Magikarp","Magikarp","Water","None",200,20,10,55,15,20,80,1,FALSE
"141",141,"Gyarados","Gyarados","Water","Flying",540,95,125,79,60,100,81,1,FALSE
"142",142,"Mega Gyarados","Mega Gyarados","Water","Dark",640,95,155,109,70,130,81,1,FALSE
"143",143,"Lapras","Lapras","Water","Ice",535,130,85,80,85,95,60,1,FALSE
"144",144,"Ditto","Ditto","Normal","None",288,48,48,48,48,48,48,1,FALSE
"145",145,"Eevee","Eevee","Normal","None",325,55,55,50,45,65,55,1,FALSE
"146",146,"Vaporeon","Vaporeon","Water","None",525,130,65,60,110,95,65,1,FALSE
"147",147,"Jolteon","Jolteon","Electric","None",525,65,65,60,110,95,130,1,FALSE
"148",148,"Flareon","Flareon","Fire","None",525,65,130,60,95,110,65,1,FALSE
"149",149,"Porygon","Porygon","Normal","None",395,65,60,70,85,75,40,1,FALSE
"150",150,"Omanyte","Omanyte","Rock","Water",355,35,40,100,90,55,35,1,FALSE
"151",151,"Omastar","Omastar","Rock","Water",495,70,60,125,115,70,55,1,FALSE
"152",152,"Kabuto","Kabuto","Rock","Water",355,30,80,90,55,45,55,1,FALSE
"153",153,"Kabutops","Kabutops","Rock","Water",495,60,115,105,65,70,80,1,FALSE
"154",154,"Aerodactyl","Aerodactyl","Rock","Flying",515,80,105,65,60,75,130,1,FALSE
"155",155,"Mega Aerodactyl","Mega Aerodactyl","Rock","Flying",615,80,135,85,70,95,150,1,FALSE
"156",156,"Snorlax","Snorlax","Normal","None",540,160,110,65,65,110,30,1,FALSE
"157",157,"Articuno","Articuno","Ice","Flying",580,90,85,100,95,125,85,1,TRUE
"158",158,"Zapdos","Zapdos","Electric","Flying",580,90,90,85,125,90,100,1,TRUE
"159",159,"Moltres","Moltres","Fire","Flying",580,90,100,90,125,85,90,1,TRUE
"160",160,"Dratini","Dratini","Dragon","None",300,41,64,45,50,50,50,1,FALSE
"161",161,"Dragonair","Dragonair","Dragon","None",420,61,84,65,70,70,70,1,FALSE
"162",162,"Dragonite","Dragonite","Dragon","Flying",600,91,134,95,100,100,80,1,FALSE
"163",163,"Mewtwo","Mewtwo","Psychic","None",680,106,110,90,154,90,130,1,TRUE
"164",164,"Mega Mewtwo X","Mega Mewtwo X","Psychic","Fighting",780,106,190,100,154,100,130,1,TRUE
"165",165,"Mega Mewtwo Y","Mega Mewtwo Y","Psychic","None",780,106,150,70,194,120,140,1,TRUE
"166",166,"Mew","Mew","Psychic","None",600,100,100,100,100,100,100,1,FALSE
"167",167,"Chikorita","Chikorita","Grass","None",318,45,49,65,49,65,45,2,FALSE
"168",168,"Bayleef","Bayleef","Grass","None",405,60,62,80,63,80,60,2,FALSE
"169",169,"Meganium","Meganium","Grass","None",525,80,82,100,83,100,80,2,FALSE
"170",170,"Cyndaquil","Cyndaquil","Fire","None",309,39,52,43,60,50,65,2,FALSE
"171",171,"Quilava","Quilava","Fire","None",405,58,64,58,80,65,80,2,FALSE
"172",172,"Typhlosion","Typhlosion","Fire","None",534,78,84,78,109,85,100,2,FALSE
"173",173,"Totodile","Totodile","Water","None",314,50,65,64,44,48,43,2,FALSE
"174",174,"Croconaw","Croconaw","Water","None",405,65,80,80,59,63,58,2,FALSE
"175",175,"Feraligatr","Feraligatr","Water","None",530,85,105,100,79,83,78,2,FALSE
"176",176,"Sentret","Sentret","Normal","None",215,35,46,34,35,45,20,2,FALSE
"177",177,"Furret","Furret","Normal","None",415,85,76,64,45,55,90,2,FALSE
"178",178,"Hoothoot","Hoothoot","Normal","Flying",262,60,30,30,36,56,50,2,FALSE
"179",179,"Noctowl","Noctowl","Normal","Flying",442,100,50,50,76,96,70,2,FALSE
"180",180,"Ledyba","Ledyba","Bug","Flying",265,40,20,30,40,80,55,2,FALSE
"181",181,"Ledian","Ledian","Bug","Flying",390,55,35,50,55,110,85,2,FALSE
"182",182,"Spinarak","Spinarak","Bug","Poison",250,40,60,40,40,40,30,2,FALSE
"183",183,"Ariados","Ariados","Bug","Poison",390,70,90,70,60,60,40,2,FALSE
"184",184,"Crobat","Crobat","Poison","Flying",535,85,90,80,70,80,130,2,FALSE
"185",185,"Chinchou","Chinchou","Water","Electric",330,75,38,38,56,56,67,2,FALSE
"186",186,"Lanturn","Lanturn","Water","Electric",460,125,58,58,76,76,67,2,FALSE
"187",187,"Pichu","Pichu","Electric","None",205,20,40,15,35,35,60,2,FALSE
"188",188,"Cleffa","Cleffa","Fairy","None",218,50,25,28,45,55,15,2,FALSE
"189",189,"Igglybuff","Igglybuff","Normal","Fairy",210,90,30,15,40,20,15,2,FALSE
"190",190,"Togepi","Togepi","Fairy","None",245,35,20,65,40,65,20,2,FALSE
"191",191,"Togetic","Togetic","Fairy","Flying",405,55,40,85,80,105,40,2,FALSE
"192",192,"Natu","Natu","Psychic","Flying",320,40,50,45,70,45,70,2,FALSE
"193",193,"Xatu","Xatu","Psychic","Flying",470,65,75,70,95,70,95,2,FALSE
"194",194,"Mareep","Mareep","Electric","None",280,55,40,40,65,45,35,2,FALSE
"195",195,"Flaaffy","Flaaffy","Electric","None",365,70,55,55,80,60,45,2,FALSE
"196",196,"Ampharos","Ampharos","Electric","None",510,90,75,85,115,90,55,2,FALSE
"197",197,"Mega Ampharos","Mega Ampharos","Electric","Dragon",610,90,95,105,165,110,45,2,FALSE
"198",198,"Bellossom","Bellossom","Grass","None",490,75,80,95,90,100,50,2,FALSE
"199",199,"Marill","Marill","Water","Fairy",250,70,20,50,20,50,40,2,FALSE
"200",200,"Azumarill","Azumarill","Water","Fairy",420,100,50,80,60,80,50,2,FALSE
"201",201,"Sudowoodo","Sudowoodo","Rock","None",410,70,100,115,30,65,30,2,FALSE
"202",202,"Politoed","Politoed","Water","None",500,90,75,75,90,100,70,2,FALSE
"203",203,"Hoppip","Hoppip","Grass","Flying",250,35,35,40,35,55,50,2,FALSE
"204",204,"Skiploom","Skiploom","Grass","Flying",340,55,45,50,45,65,80,2,FALSE
"205",205,"Jumpluff","Jumpluff","Grass","Flying",460,75,55,70,55,95,110,2,FALSE
"206",206,"Aipom","Aipom","Normal","None",360,55,70,55,40,55,85,2,FALSE
"207",207,"Sunkern","Sunkern","Grass","None",180,30,30,30,30,30,30,2,FALSE
"208",208,"Sunflora","Sunflora","Grass","None",425,75,75,55,105,85,30,2,FALSE
"209",209,"Yanma","Yanma","Bug","Flying",390,65,65,45,75,45,95,2,FALSE
"210",210,"Wooper","Wooper","Water","Ground",210,55,45,45,25,25,15,2,FALSE
"211",211,"Quagsire","Quagsire","Water","Ground",430,95,85,85,65,65,35,2,FALSE
"212",212,"Espeon","Espeon","Psychic","None",525,65,65,60,130,95,110,2,FALSE
"213",213,"Umbreon","Umbreon","Dark","None",525,95,65,110,60,130,65,2,FALSE
"214",214,"Murkrow","Murkrow","Dark","Flying",405,60,85,42,85,42,91,2,FALSE
"215",215,"Slowking","Slowking","Water","Psychic",490,95,75,80,100,110,30,2,FALSE
"216",216,"Misdreavus","Misdreavus","Ghost","None",435,60,60,60,85,85,85,2,FALSE
"217",217,"Unown","Unown","Psychic","None",336,48,72,48,72,48,48,2,FALSE
"218",218,"Wobbuffet","Wobbuffet","Psychic","None",405,190,33,58,33,58,33,2,FALSE
"219",219,"Girafarig","Girafarig","Normal","Psychic",455,70,80,65,90,65,85,2,FALSE
"220",220,"Pineco","Pineco","Bug","None",290,50,65,90,35,35,15,2,FALSE
"221",221,"Forretress","Forretress","Bug","Steel",465,75,90,140,60,60,40,2,FALSE
"222",222,"Dunsparce","Dunsparce","Normal","None",415,100,70,70,65,65,45,2,FALSE
"223",223,"Gligar","Gligar","Ground","Flying",430,65,75,105,35,65,85,2,FALSE
"224",224,"Steelix","Steelix","Steel","Ground",510,75,85,200,55,65,30,2,FALSE
"225",225,"Mega Steelix","Mega Steelix","Steel","Ground",610,75,125,230,55,95,30,2,FALSE
"226",226,"Snubbull","Snubbull","Fairy","None",300,60,80,50,40,40,30,2,FALSE
"227",227,"Granbull","Granbull","Fairy","None",450,90,120,75,60,60,45,2,FALSE
"228",228,"Qwilfish","Qwilfish","Water","Poison",430,65,95,75,55,55,85,2,FALSE
"229",229,"Scizor","Scizor","Bug","Steel",500,70,130,100,55,80,65,2,FALSE
"230",230,"Mega Scizor","Mega Scizor","Bug","Steel",600,70,150,140,65,100,75,2,FALSE
"231",231,"Shuckle","Shuckle","Bug","Rock",505,20,10,230,10,230,5,2,FALSE
"232",232,"Heracross","Heracross","Bug","Fighting",500,80,125,75,40,95,85,2,FALSE
"233",233,"Mega Heracross","Mega Heracross","Bug","Fighting",600,80,185,115,40,105,75,2,FALSE
"234",234,"Sneasel","Sneasel","Dark","Ice",430,55,95,55,35,75,115,2,FALSE
"235",235,"Teddiursa","Teddiursa","Normal","None",330,60,80,50,50,50,40,2,FALSE
"236",236,"Ursaring","Ursaring","Normal","None",500,90,130,75,75,75,55,2,FALSE
"237",237,"Slugma","Slugma","Fire","None",250,40,40,40,70,40,20,2,FALSE
"238",238,"Magcargo","Magcargo","Fire","Rock",410,50,50,120,80,80,30,2,FALSE
"239",239,"Swinub","Swinub","Ice","Ground",250,50,50,40,30,30,50,2,FALSE
"240",240,"Piloswine","Piloswine","Ice","Ground",450,100,100,80,60,60,50,2,FALSE
"241",241,"Corsola","Corsola","Water","Rock",380,55,55,85,65,85,35,2,FALSE
"242",242,"Remoraid","Remoraid","Water","None",300,35,65,35,65,35,65,2,FALSE
"243",243,"Octillery","Octillery","Water","None",480,75,105,75,105,75,45,2,FALSE
"244",244,"Delibird","Delibird","Ice","Flying",330,45,55,45,65,45,75,2,FALSE
"245",245,"Mantine","Mantine","Water","Flying",465,65,40,70,80,140,70,2,FALSE
"246",246,"Skarmory","Skarmory","Steel","Flying",465,65,80,140,40,70,70,2,FALSE
"247",247,"Houndour","Houndour","Dark","Fire",330,45,60,30,80,50,65,2,FALSE
"248",248,"Houndoom","Houndoom","Dark","Fire",500,75,90,50,110,80,95,2,FALSE
"249",249,"Mega Houndoom","Mega Houndoom","Dark","Fire",600,75,90,90,140,90,115,2,FALSE
"250",250,"Kingdra","Kingdra","Water","Dragon",540,75,95,95,95,95,85,2,FALSE
"251",251,"Phanpy","Phanpy","Ground","None",330,90,60,60,40,40,40,2,FALSE
"252",252,"Donphan","Donphan","Ground","None",500,90,120,120,60,60,50,2,FALSE
"253",253,"Porygon","Porygon2","Normal","None",515,85,80,90,105,95,60,2,FALSE
"254",254,"Stantler","Stantler","Normal","None",465,73,95,62,85,65,85,2,FALSE
"255",255,"Smeargle","Smeargle","Normal","None",250,55,20,35,20,45,75,2,FALSE
"256",256,"Tyrogue","Tyrogue","Fighting","None",210,35,35,35,35,35,35,2,FALSE
"257",257,"Hitmontop","Hitmontop","Fighting","None",455,50,95,95,35,110,70,2,FALSE
"258",258,"Smoochum","Smoochum","Ice","Psychic",305,45,30,15,85,65,65,2,FALSE
"259",259,"Elekid","Elekid","Electric","None",360,45,63,37,65,55,95,2,FALSE
"260",260,"Magby","Magby","Fire","None",365,45,75,37,70,55,83,2,FALSE
"261",261,"Miltank","Miltank","Normal","None",490,95,80,105,40,70,100,2,FALSE
"262",262,"Blissey","Blissey","Normal","None",540,255,10,10,75,135,55,2,FALSE
"263",263,"Raikou","Raikou","Electric","None",580,90,85,75,115,100,115,2,TRUE
"264",264,"Entei","Entei","Fire","None",580,115,115,85,90,75,100,2,TRUE
"265",265,"Suicune","Suicune","Water","None",580,100,75,115,90,115,85,2,TRUE
"266",266,"Larvitar","Larvitar","Rock","Ground",300,50,64,50,45,50,41,2,FALSE
"267",267,"Pupitar","Pupitar","Rock","Ground",410,70,84,70,65,70,51,2,FALSE
"268",268,"Tyranitar","Tyranitar","Rock","Dark",600,100,134,110,95,100,61,2,FALSE
"269",269,"Mega Tyranitar","Mega Tyranitar","Rock","Dark",700,100,164,150,95,120,71,2,FALSE
"270",270,"Lugia","Lugia","Psychic","Flying",680,106,90,130,90,154,110,2,TRUE
"271",271,"Hooh","Ho-oh","Fire","Flying",680,106,130,90,110,154,90,2,TRUE
"272",272,"Celebi","Celebi","Psychic","Grass",600,100,100,100,100,100,100,2,FALSE
"273",273,"Treecko","Treecko","Grass","None",310,40,45,35,65,55,70,3,FALSE
"274",274,"Grovyle","Grovyle","Grass","None",405,50,65,45,85,65,95,3,FALSE
"275",275,"Sceptile","Sceptile","Grass","None",530,70,85,65,105,85,120,3,FALSE
"276",276,"Mega Sceptile","Mega Sceptile","Grass","Dragon",630,70,110,75,145,85,145,3,FALSE
"277",277,"Torchic","Torchic","Fire","None",310,45,60,40,70,50,45,3,FALSE
"278",278,"Combusken","Combusken","Fire","Fighting",405,60,85,60,85,60,55,3,FALSE
"279",279,"Blaziken","Blaziken","Fire","Fighting",530,80,120,70,110,70,80,3,FALSE
"280",280,"Mega Blaziken","Mega Blaziken","Fire","Fighting",630,80,160,80,130,80,100,3,FALSE
"281",281,"Mudkip","Mudkip","Water","None",310,50,70,50,50,50,40,3,FALSE
"282",282,"Marshtomp","Marshtomp","Water","Ground",405,70,85,70,60,70,50,3,FALSE
"283",283,"Swampert","Swampert","Water","Ground",535,100,110,90,85,90,60,3,FALSE
"284",284,"Mega Swampert","Mega Swampert","Water","Ground",635,100,150,110,95,110,70,3,FALSE
"285",285,"Poochyena","Poochyena","Dark","None",220,35,55,35,30,30,35,3,FALSE
"286",286,"Mightyena","Mightyena","Dark","None",420,70,90,70,60,60,70,3,FALSE
"287",287,"Zigzagoon","Zigzagoon","Normal","None",240,38,30,41,30,41,60,3,FALSE
"288",288,"Linoone","Linoone","Normal","None",420,78,70,61,50,61,100,3,FALSE
"289",289,"Wurmple","Wurmple","Bug","None",195,45,45,35,20,30,20,3,FALSE
"290",290,"Silcoon","Silcoon","Bug","None",205,50,35,55,25,25,15,3,FALSE
"291",291,"Beautifly","Beautifly","Bug","Flying",395,60,70,50,100,50,65,3,FALSE
"292",292,"Cascoon","Cascoon","Bug","None",205,50,35,55,25,25,15,3,FALSE
"293",293,"Dustox","Dustox","Bug","Poison",385,60,50,70,50,90,65,3,FALSE
"294",294,"Lotad","Lotad","Water","Grass",220,40,30,30,40,50,30,3,FALSE
"295",295,"Lombre","Lombre","Water","Grass",340,60,50,50,60,70,50,3,FALSE
"296",296,"Ludicolo","Ludicolo","Water","Grass",480,80,70,70,90,100,70,3,FALSE
"297",297,"Seedot","Seedot","Grass","None",220,40,40,50,30,30,30,3,FALSE
"298",298,"Nuzleaf","Nuzleaf","Grass","Dark",340,70,70,40,60,40,60,3,FALSE
"299",299,"Shiftry","Shiftry","Grass","Dark",480,90,100,60,90,60,80,3,FALSE
"300",300,"Taillow","Taillow","Normal","Flying",270,40,55,30,30,30,85,3,FALSE
"301",301,"Swellow","Swellow","Normal","Flying",430,60,85,60,50,50,125,3,FALSE
"302",302,"Wingull","Wingull","Water","Flying",270,40,30,30,55,30,85,3,FALSE
"303",303,"Pelipper","Pelipper","Water","Flying",430,60,50,100,85,70,65,3,FALSE
"304",304,"Ralts","Ralts","Psychic","Fairy",198,28,25,25,45,35,40,3,FALSE
"305",305,"Kirlia","Kirlia","Psychic","Fairy",278,38,35,35,65,55,50,3,FALSE
"306",306,"Gardevoir","Gardevoir","Psychic","Fairy",518,68,65,65,125,115,80,3,FALSE
"307",307,"Mega Gardevoir","Mega Gardevoir","Psychic","Fairy",618,68,85,65,165,135,100,3,FALSE
"308",308,"Surskit","Surskit","Bug","Water",269,40,30,32,50,52,65,3,FALSE
"309",309,"Masquerain","Masquerain","Bug","Flying",414,70,60,62,80,82,60,3,FALSE
"310",310,"Shroomish","Shroomish","Grass","None",295,60,40,60,40,60,35,3,FALSE
"311",311,"Breloom","Breloom","Grass","Fighting",460,60,130,80,60,60,70,3,FALSE
"312",312,"Slakoth","Slakoth","Normal","None",280,60,60,60,35,35,30,3,FALSE
"313",313,"Vigoroth","Vigoroth","Normal","None",440,80,80,80,55,55,90,3,FALSE
"314",314,"Slaking","Slaking","Normal","None",670,150,160,100,95,65,100,3,FALSE
"315",315,"Nincada","Nincada","Bug","Ground",266,31,45,90,30,30,40,3,FALSE
"316",316,"Ninjask","Ninjask","Bug","Flying",456,61,90,45,50,50,160,3,FALSE
"317",317,"Shedinja","Shedinja","Bug","Ghost",236,1,90,45,30,30,40,3,FALSE
"318",318,"Whismur","Whismur","Normal","None",240,64,51,23,51,23,28,3,FALSE
"319",319,"Loudred","Loudred","Normal","None",360,84,71,43,71,43,48,3,FALSE
"320",320,"Exploud","Exploud","Normal","None",490,104,91,63,91,73,68,3,FALSE
"321",321,"Makuhita","Makuhita","Fighting","None",237,72,60,30,20,30,25,3,FALSE
"322",322,"Hariyama","Hariyama","Fighting","None",474,144,120,60,40,60,50,3,FALSE
"323",323,"Azurill","Azurill","Normal","Fairy",190,50,20,40,20,40,20,3,FALSE
"324",324,"Nosepass","Nosepass","Rock","None",375,30,45,135,45,90,30,3,FALSE
"325",325,"Skitty","Skitty","Normal","None",260,50,45,45,35,35,50,3,FALSE
"326",326,"Delcatty","Delcatty","Normal","None",380,70,65,65,55,55,70,3,FALSE
"327",327,"Sableye","Sableye","Dark","Ghost",380,50,75,75,65,65,50,3,FALSE
"328",328,"Mega Sableye","Mega Sableye","Dark","Ghost",480,50,85,125,85,115,20,3,FALSE
"329",329,"Mawile","Mawile","Steel","Fairy",380,50,85,85,55,55,50,3,FALSE
"330",330,"Mega Mawile","Mega Mawile","Steel","Fairy",480,50,105,125,55,95,50,3,FALSE
"331",331,"Aron","Aron","Steel","Rock",330,50,70,100,40,40,30,3,FALSE
"332",332,"Lairon","Lairon","Steel","Rock",430,60,90,140,50,50,40,3,FALSE
"333",333,"Aggron","Aggron","Steel","Rock",530,70,110,180,60,60,50,3,FALSE
"334",334,"Mega Aggron","Mega Aggron","Steel","None",630,70,140,230,60,80,50,3,FALSE
"335",335,"Meditite","Meditite","Fighting","Psychic",280,30,40,55,40,55,60,3,FALSE
"336",336,"Medicham","Medicham","Fighting","Psychic",410,60,60,75,60,75,80,3,FALSE
"337",337,"Mega Medicham","Mega Medicham","Fighting","Psychic",510,60,100,85,80,85,100,3,FALSE
"338",338,"Electrike","Electrike","Electric","None",295,40,45,40,65,40,65,3,FALSE
"339",339,"Manectric","Manectric","Electric","None",475,70,75,60,105,60,105,3,FALSE
"340",340,"Mega Manectric","Mega Manectric","Electric","None",575,70,75,80,135,80,135,3,FALSE
"341",341,"Plusle","Plusle","Electric","None",405,60,50,40,85,75,95,3,FALSE
"342",342,"Minun","Minun","Electric","None",405,60,40,50,75,85,95,3,FALSE
"343",343,"Volbeat","Volbeat","Bug","None",400,65,73,55,47,75,85,3,FALSE
"344",344,"Illumise","Illumise","Bug","None",400,65,47,55,73,75,85,3,FALSE
"345",345,"Roselia","Roselia","Grass","Poison",400,50,60,45,100,80,65,3,FALSE
"346",346,"Gulpin","Gulpin","Poison","None",302,70,43,53,43,53,40,3,FALSE
"347",347,"Swalot","Swalot","Poison","None",467,100,73,83,73,83,55,3,FALSE
"348",348,"Carvanha","Carvanha","Water","Dark",305,45,90,20,65,20,65,3,FALSE
"349",349,"Sharpedo","Sharpedo","Water","Dark",460,70,120,40,95,40,95,3,FALSE
"350",350,"Mega Sharpedo","Mega Sharpedo","Water","Dark",560,70,140,70,110,65,105,3,FALSE
"351",351,"Wailmer","Wailmer","Water","None",400,130,70,35,70,35,60,3,FALSE
"352",352,"Wailord","Wailord","Water","None",500,170,90,45,90,45,60,3,FALSE
"353",353,"Numel","Numel","Fire","Ground",305,60,60,40,65,45,35,3,FALSE
"354",354,"Camerupt","Camerupt","Fire","Ground",460,70,100,70,105,75,40,3,FALSE
"355",355,"Mega Camerupt","Mega Camerupt","Fire","Ground",560,70,120,100,145,105,20,3,FALSE
"356",356,"Torkoal","Torkoal","Fire","None",470,70,85,140,85,70,20,3,FALSE
"357",357,"Spoink","Spoink","Psychic","None",330,60,25,35,70,80,60,3,FALSE
"358",358,"Grumpig","Grumpig","Psychic","None",470,80,45,65,90,110,80,3,FALSE
"359",359,"Spinda","Spinda","Normal","None",360,60,60,60,60,60,60,3,FALSE
"360",360,"Trapinch","Trapinch","Ground","None",290,45,100,45,45,45,10,3,FALSE
"361",361,"Vibrava","Vibrava","Ground","Dragon",340,50,70,50,50,50,70,3,FALSE
"362",362,"Flygon","Flygon","Ground","Dragon",520,80,100,80,80,80,100,3,FALSE
"363",363,"Cacnea","Cacnea","Grass","None",335,50,85,40,85,40,35,3,FALSE
"364",364,"Cacturne","Cacturne","Grass","Dark",475,70,115,60,115,60,55,3,FALSE
"365",365,"Swablu","Swablu","Normal","Flying",310,45,40,60,40,75,50,3,FALSE
"366",366,"Altaria","Altaria","Dragon","Flying",490,75,70,90,70,105,80,3,FALSE
"367",367,"Mega Altaria","Mega Altaria","Dragon","Fairy",590,75,110,110,110,105,80,3,FALSE
"368",368,"Zangoose","Zangoose","Normal","None",458,73,115,60,60,60,90,3,FALSE
"369",369,"Seviper","Seviper","Poison","None",458,73,100,60,100,60,65,3,FALSE
"370",370,"Lunatone","Lunatone","Rock","Psychic",440,70,55,65,95,85,70,3,FALSE
"371",371,"Solrock","Solrock","Rock","Psychic",440,70,95,85,55,65,70,3,FALSE
"372",372,"Barboach","Barboach","Water","Ground",288,50,48,43,46,41,60,3,FALSE
"373",373,"Whiscash","Whiscash","Water","Ground",468,110,78,73,76,71,60,3,FALSE
"374",374,"Corphish","Corphish","Water","None",308,43,80,65,50,35,35,3,FALSE
"375",375,"Crawdaunt","Crawdaunt","Water","Dark",468,63,120,85,90,55,55,3,FALSE
"376",376,"Baltoy","Baltoy","Ground","Psychic",300,40,40,55,40,70,55,3,FALSE
"377",377,"Claydol","Claydol","Ground","Psychic",500,60,70,105,70,120,75,3,FALSE
"378",378,"Lileep","Lileep","Rock","Grass",355,66,41,77,61,87,23,3,FALSE
"379",379,"Cradily","Cradily","Rock","Grass",495,86,81,97,81,107,43,3,FALSE
"380",380,"Anorith","Anorith","Rock","Bug",355,45,95,50,40,50,75,3,FALSE
"381",381,"Armaldo","Armaldo","Rock","Bug",495,75,125,100,70,80,45,3,FALSE
"382",382,"Feebas","Feebas","Water","None",200,20,15,20,10,55,80,3,FALSE
"383",383,"Milotic","Milotic","Water","None",540,95,60,79,100,125,81,3,FALSE
"384",384,"Castform","Castform","Normal","None",420,70,70,70,70,70,70,3,FALSE
"385",385,"Kecleon","Kecleon","Normal","None",440,60,90,70,60,120,40,3,FALSE
"386",386,"Shuppet","Shuppet","Ghost","None",295,44,75,35,63,33,45,3,FALSE
"387",387,"Banette","Banette","Ghost","None",455,64,115,65,83,63,65,3,FALSE
"388",388,"Mega Banette","Mega Banette","Ghost","None",555,64,165,75,93,83,75,3,FALSE
"389",389,"Duskull","Duskull","Ghost","None",295,20,40,90,30,90,25,3,FALSE
"390",390,"Dusclops","Dusclops","Ghost","None",455,40,70,130,60,130,25,3,FALSE
"391",391,"Tropius","Tropius","Grass","Flying",460,99,68,83,72,87,51,3,FALSE
"392",392,"Chimecho","Chimecho","Psychic","None",425,65,50,70,95,80,65,3,FALSE
"393",393,"Absol","Absol","Dark","None",465,65,130,60,75,60,75,3,FALSE
"394",394,"Mega Absol","Mega Absol","Dark","None",565,65,150,60,115,60,115,3,FALSE
"395",395,"Wynaut","Wynaut","Psychic","None",260,95,23,48,23,48,23,3,FALSE
"396",396,"Snorunt","Snorunt","Ice","None",300,50,50,50,50,50,50,3,FALSE
"397",397,"Glalie","Glalie","Ice","None",480,80,80,80,80,80,80,3,FALSE
"398",398,"Mega Glalie","Mega Glalie","Ice","None",580,80,120,80,120,80,100,3,FALSE
"399",399,"Spheal","Spheal","Ice","Water",290,70,40,50,55,50,25,3,FALSE
"400",400,"Sealeo","Sealeo","Ice","Water",410,90,60,70,75,70,45,3,FALSE
"401",401,"Walrein","Walrein","Ice","Water",530,110,80,90,95,90,65,3,FALSE
"402",402,"Clamperl","Clamperl","Water","None",345,35,64,85,74,55,32,3,FALSE
"403",403,"Huntail","Huntail","Water","None",485,55,104,105,94,75,52,3,FALSE
"404",404,"Gorebyss","Gorebyss","Water","None",485,55,84,105,114,75,52,3,FALSE
"405",405,"Relicanth","Relicanth","Water","Rock",485,100,90,130,45,65,55,3,FALSE
"406",406,"Luvdisc","Luvdisc","Water","None",330,43,30,55,40,65,97,3,FALSE
"407",407,"Bagon","Bagon","Dragon","None",300,45,75,60,40,30,50,3,FALSE
"408",408,"Shelgon","Shelgon","Dragon","None",420,65,95,100,60,50,50,3,FALSE
"409",409,"Salamence","Salamence","Dragon","Flying",600,95,135,80,110,80,100,3,FALSE
"410",410,"Mega Salamence","Mega Salamence","Dragon","Flying",700,95,145,130,120,90,120,3,FALSE
"411",411,"Beldum","Beldum","Steel","Psychic",300,40,55,80,35,60,30,3,FALSE
"412",412,"Metang","Metang","Steel","Psychic",420,60,75,100,55,80,50,3,FALSE
"413",413,"Metagross","Metagross","Steel","Psychic",600,80,135,130,95,90,70,3,FALSE
"414",414,"Mega Metagross","Mega Metagross","Steel","Psychic",700,80,145,150,105,110,110,3,FALSE
"415",415,"Regirock","Regirock","Rock","None",580,80,100,200,50,100,50,3,TRUE
"416",416,"Regice","Regice","Ice","None",580,80,50,100,100,200,50,3,TRUE
"417",417,"Registeel","Registeel","Steel","None",580,80,75,150,75,150,50,3,TRUE
"418",418,"Latias","Latias","Dragon","Psychic",600,80,80,90,110,130,110,3,TRUE
"419",419,"Mega Latias","Mega Latias","Dragon","Psychic",700,80,100,120,140,150,110,3,TRUE
"420",420,"Latios","Latios","Dragon","Psychic",600,80,90,80,130,110,110,3,TRUE
"421",421,"Mega Latios","Mega Latios","Dragon","Psychic",700,80,130,100,160,120,110,3,TRUE
"422",422,"Kyogre","Kyogre","Water","None",670,100,100,90,150,140,90,3,TRUE
"423",423,"Primal Kyogre","Primal Kyogre","Water","None",770,100,150,90,180,160,90,3,TRUE
"424",424,"Groudon","Groudon","Ground","None",670,100,150,140,100,90,90,3,TRUE
"425",425,"Primal Groudon","Primal Groudon","Ground","Fire",770,100,180,160,150,90,90,3,TRUE
"426",426,"Rayquaza","Rayquaza","Dragon","Flying",680,105,150,90,150,90,95,3,TRUE
"427",427,"Mega Rayquaza","Mega Rayquaza","Dragon","Flying",780,105,180,100,180,100,115,3,TRUE
"428",428,"Jirachi","Jirachi","Steel","Psychic",600,100,100,100,100,100,100,3,TRUE
"429",429,"Deoxys Normal Form","Deoxys Normal Form","Psychic","None",600,50,150,50,150,50,150,3,TRUE
"430",430,"Deoxys Attack Form","Deoxys Attack Form","Psychic","None",600,50,180,20,180,20,150,3,TRUE
"431",431,"Deoxys Defense Form","Deoxys Defense Form","Psychic","None",600,50,70,160,70,160,90,3,TRUE
"432",432,"Deoxys Speed Form","Deoxys Speed Form","Psychic","None",600,50,95,90,95,90,180,3,TRUE
"433",433,"Turtwig","Turtwig","Grass","None",318,55,68,64,45,55,31,4,FALSE
"434",434,"Grotle","Grotle","Grass","None",405,75,89,85,55,65,36,4,FALSE
"435",435,"Torterra","Torterra","Grass","Ground",525,95,109,105,75,85,56,4,FALSE
"436",436,"Chimchar","Chimchar","Fire","None",309,44,58,44,58,44,61,4,FALSE
"437",437,"Monferno","Monferno","Fire","Fighting",405,64,78,52,78,52,81,4,FALSE
"438",438,"Infernape","Infernape","Fire","Fighting",534,76,104,71,104,71,108,4,FALSE
"439",439,"Piplup","Piplup","Water","None",314,53,51,53,61,56,40,4,FALSE
"440",440,"Prinplup","Prinplup","Water","None",405,64,66,68,81,76,50,4,FALSE
"441",441,"Empoleon","Empoleon","Water","Steel",530,84,86,88,111,101,60,4,FALSE
"442",442,"Starly","Starly","Normal","Flying",245,40,55,30,30,30,60,4,FALSE
"443",443,"Staravia","Staravia","Normal","Flying",340,55,75,50,40,40,80,4,FALSE
"444",444,"Staraptor","Staraptor","Normal","Flying",485,85,120,70,50,60,100,4,FALSE
"445",445,"Bidoof","Bidoof","Normal","None",250,59,45,40,35,40,31,4,FALSE
"446",446,"Bibarel","Bibarel","Normal","Water",410,79,85,60,55,60,71,4,FALSE
"447",447,"Kricketot","Kricketot","Bug","None",194,37,25,41,25,41,25,4,FALSE
"448",448,"Kricketune","Kricketune","Bug","None",384,77,85,51,55,51,65,4,FALSE
"449",449,"Shinx","Shinx","Electric","None",263,45,65,34,40,34,45,4,FALSE
"450",450,"Luxio","Luxio","Electric","None",363,60,85,49,60,49,60,4,FALSE
"451",451,"Luxray","Luxray","Electric","None",523,80,120,79,95,79,70,4,FALSE
"452",452,"Budew","Budew","Grass","Poison",280,40,30,35,50,70,55,4,FALSE
"453",453,"Roserade","Roserade","Grass","Poison",515,60,70,65,125,105,90,4,FALSE
"454",454,"Cranidos","Cranidos","Rock","None",350,67,125,40,30,30,58,4,FALSE
"455",455,"Rampardos","Rampardos","Rock","None",495,97,165,60,65,50,58,4,FALSE
"456",456,"Shieldon","Shieldon","Rock","Steel",350,30,42,118,42,88,30,4,FALSE
"457",457,"Bastiodon","Bastiodon","Rock","Steel",495,60,52,168,47,138,30,4,FALSE
"458",458,"Burmy","Burmy","Bug","None",224,40,29,45,29,45,36,4,FALSE
"459",459,"Wormadam Plant Cloak","Wormadam Plant Cloak","Bug","Grass",424,60,59,85,79,105,36,4,FALSE
"460",460,"Wormadam Sandy Cloak","Wormadam Sandy Cloak","Bug","Ground",424,60,79,105,59,85,36,4,FALSE
"461",461,"Wormadam Trash Cloak","Wormadam Trash Cloak","Bug","Steel",424,60,69,95,69,95,36,4,FALSE
"462",462,"Mothim","Mothim","Bug","Flying",424,70,94,50,94,50,66,4,FALSE
"463",463,"Combee","Combee","Bug","Flying",244,30,30,42,30,42,70,4,FALSE
"464",464,"Vespiquen","Vespiquen","Bug","Flying",474,70,80,102,80,102,40,4,FALSE
"465",465,"Pachirisu","Pachirisu","Electric","None",405,60,45,70,45,90,95,4,FALSE
"466",466,"Buizel","Buizel","Water","None",330,55,65,35,60,30,85,4,FALSE
"467",467,"Floatzel","Floatzel","Water","None",495,85,105,55,85,50,115,4,FALSE
"468",468,"Cherubi","Cherubi","Grass","None",275,45,35,45,62,53,35,4,FALSE
"469",469,"Cherrim","Cherrim","Grass","None",450,70,60,70,87,78,85,4,FALSE
"470",470,"Shellos","Shellos","Water","None",325,76,48,48,57,62,34,4,FALSE
"471",471,"Gastrodon","Gastrodon","Water","Ground",475,111,83,68,92,82,39,4,FALSE
"472",472,"Ambipom","Ambipom","Normal","None",482,75,100,66,60,66,115,4,FALSE
"473",473,"Drifloon","Drifloon","Ghost","Flying",348,90,50,34,60,44,70,4,FALSE
"474",474,"Drifblim","Drifblim","Ghost","Flying",498,150,80,44,90,54,80,4,FALSE
"475",475,"Buneary","Buneary","Normal","None",350,55,66,44,44,56,85,4,FALSE
"476",476,"Lopunny","Lopunny","Normal","None",480,65,76,84,54,96,105,4,FALSE
"477",477,"Mega Lopunny","Mega Lopunny","Normal","Fighting",580,65,136,94,54,96,135,4,FALSE
"478",478,"Mismagius","Mismagius","Ghost","None",495,60,60,60,105,105,105,4,FALSE
"479",479,"Honchkrow","Honchkrow","Dark","Flying",505,100,125,52,105,52,71,4,FALSE
"480",480,"Glameow","Glameow","Normal","None",310,49,55,42,42,37,85,4,FALSE
"481",481,"Purugly","Purugly","Normal","None",452,71,82,64,64,59,112,4,FALSE
"482",482,"Chingling","Chingling","Psychic","None",285,45,30,50,65,50,45,4,FALSE
"483",483,"Stunky","Stunky","Poison","Dark",329,63,63,47,41,41,74,4,FALSE
"484",484,"Skuntank","Skuntank","Poison","Dark",479,103,93,67,71,61,84,4,FALSE
"485",485,"Bronzor","Bronzor","Steel","Psychic",300,57,24,86,24,86,23,4,FALSE
"486",486,"Bronzong","Bronzong","Steel","Psychic",500,67,89,116,79,116,33,4,FALSE
"487",487,"Bonsly","Bonsly","Rock","None",290,50,80,95,10,45,10,4,FALSE
"488",488,"Mime Jr","Mime Jr.","Psychic","Fairy",310,20,25,45,70,90,60,4,FALSE
"489",489,"Happiny","Happiny","Normal","None",220,100,5,5,15,65,30,4,FALSE
"490",490,"Chatot","Chatot","Normal","Flying",411,76,65,45,92,42,91,4,FALSE
"491",491,"Spiritomb","Spiritomb","Ghost","Dark",485,50,92,108,92,108,35,4,FALSE
"492",492,"Gible","Gible","Dragon","Ground",300,58,70,45,40,45,42,4,FALSE
"493",493,"Gabite","Gabite","Dragon","Ground",410,68,90,65,50,55,82,4,FALSE
"494",494,"Garchomp","Garchomp","Dragon","Ground",600,108,130,95,80,85,102,4,FALSE
"495",495,"Mega Garchomp","Mega Garchomp","Dragon","Ground",700,108,170,115,120,95,92,4,FALSE
"496",496,"Munchlax","Munchlax","Normal","None",390,135,85,40,40,85,5,4,FALSE
"497",497,"Riolu","Riolu","Fighting","None",285,40,70,40,35,40,60,4,FALSE
"498",498,"Lucario","Lucario","Fighting","Steel",525,70,110,70,115,70,90,4,FALSE
"499",499,"Mega Lucario","Mega Lucario","Fighting","Steel",625,70,145,88,140,70,112,4,FALSE
"500",500,"Hippopotas","Hippopotas","Ground","None",330,68,72,78,38,42,32,4,FALSE
"501",501,"Hippowdon","Hippowdon","Ground","None",525,108,112,118,68,72,47,4,FALSE
"502",502,"Skorupi","Skorupi","Poison","Bug",330,40,50,90,30,55,65,4,FALSE
"503",503,"Drapion","Drapion","Poison","Dark",500,70,90,110,60,75,95,4,FALSE
"504",504,"Croagunk","Croagunk","Poison","Fighting",300,48,61,40,61,40,50,4,FALSE
"505",505,"Toxicroak","Toxicroak","Poison","Fighting",490,83,106,65,86,65,85,4,FALSE
"506",506,"Carnivine","Carnivine","Grass","None",454,74,100,72,90,72,46,4,FALSE
"507",507,"Finneon","Finneon","Water","None",330,49,49,56,49,61,66,4,FALSE
"508",508,"Lumineon","Lumineon","Water","None",460,69,69,76,69,86,91,4,FALSE
"509",509,"Mantyke","Mantyke","Water","Flying",345,45,20,50,60,120,50,4,FALSE
"510",510,"Snover","Snover","Grass","Ice",334,60,62,50,62,60,40,4,FALSE
"511",511,"Abomasnow","Abomasnow","Grass","Ice",494,90,92,75,92,85,60,4,FALSE
"512",512,"Mega Abomasnow","Mega Abomasnow","Grass","Ice",594,90,132,105,132,105,30,4,FALSE
"513",513,"Weavile","Weavile","Dark","Ice",510,70,120,65,45,85,125,4,FALSE
"514",514,"Magnezone","Magnezone","Electric","Steel",535,70,70,115,130,90,60,4,FALSE
"515",515,"Lickilicky","Lickilicky","Normal","None",515,110,85,95,80,95,50,4,FALSE
"516",516,"Rhyperior","Rhyperior","Ground","Rock",535,115,140,130,55,55,40,4,FALSE
"517",517,"Tangrowth","Tangrowth","Grass","None",535,100,100,125,110,50,50,4,FALSE
"518",518,"Electivire","Electivire","Electric","None",540,75,123,67,95,85,95,4,FALSE
"519",519,"Magmortar","Magmortar","Fire","None",540,75,95,67,125,95,83,4,FALSE
"520",520,"Togekiss","Togekiss","Fairy","Flying",545,85,50,95,120,115,80,4,FALSE
"521",521,"Yanmega","Yanmega","Bug","Flying",515,86,76,86,116,56,95,4,FALSE
"522",522,"Leafeon","Leafeon","Grass","None",525,65,110,130,60,65,95,4,FALSE
"523",523,"Glaceon","Glaceon","Ice","None",525,65,60,110,130,95,65,4,FALSE
"524",524,"Gliscor","Gliscor","Ground","Flying",510,75,95,125,45,75,95,4,FALSE
"525",525,"Mamoswine","Mamoswine","Ice","Ground",530,110,130,80,70,60,80,4,FALSE
"526",526,"PorygonZ","Porygon-Z","Normal","None",535,85,80,70,135,75,90,4,FALSE
"527",527,"Gallade","Gallade","Psychic","Fighting",518,68,125,65,65,115,80,4,FALSE
"528",528,"Mega Gallade","Mega Gallade","Psychic","Fighting",618,68,165,95,65,115,110,4,FALSE
"529",529,"Probopass","Probopass","Rock","Steel",525,60,55,145,75,150,40,4,FALSE
"530",530,"Dusknoir","Dusknoir","Ghost","None",525,45,100,135,65,135,45,4,FALSE
"531",531,"Froslass","Froslass","Ice","Ghost",480,70,80,70,80,70,110,4,FALSE
"532",532,"Rotom","Rotom","Electric","Ghost",440,50,50,77,95,77,91,4,FALSE
"533",533,"Rotom Heat Rotom","Rotom Heat Rotom","Electric","Fire",520,50,65,107,105,107,86,4,FALSE
"534",534,"Rotom Wash Rotom","Rotom Wash Rotom","Electric","Water",520,50,65,107,105,107,86,4,FALSE
"535",535,"Rotom Frost Rotom","Rotom Frost Rotom","Electric","Ice",520,50,65,107,105,107,86,4,FALSE
"536",536,"Rotom Fan Rotom","Rotom Fan Rotom","Electric","Flying",520,50,65,107,105,107,86,4,FALSE
"537",537,"Rotom Mow Rotom","Rotom Mow Rotom","Electric","Grass",520,50,65,107,105,107,86,4,FALSE
"538",538,"Uxie","Uxie","Psychic","None",580,75,75,130,75,130,95,4,TRUE
"539",539,"Mesprit","Mesprit","Psychic","None",580,80,105,105,105,105,80,4,TRUE
"540",540,"Azelf","Azelf","Psychic","None",580,75,125,70,125,70,115,4,TRUE
"541",541,"Dialga","Dialga","Steel","Dragon",680,100,120,120,150,100,90,4,TRUE
"542",542,"Palkia","Palkia","Water","Dragon",680,90,120,100,150,120,100,4,TRUE
"543",543,"Heatran","Heatran","Fire","Steel",600,91,90,106,130,106,77,4,TRUE
"544",544,"Regigigas","Regigigas","Normal","None",670,110,160,110,80,110,100,4,TRUE
"545",545,"Giratina Altered Forme","Giratina Altered Forme","Ghost","Dragon",680,150,100,120,100,120,90,4,TRUE
"546",546,"Giratina Origin Forme","Giratina Origin Forme","Ghost","Dragon",680,150,120,100,120,100,90,4,TRUE
"547",547,"Cresselia","Cresselia","Psychic","None",600,120,70,120,75,130,85,4,FALSE
"548",548,"Phione","Phione","Water","None",480,80,80,80,80,80,80,4,FALSE
"549",549,"Manaphy","Manaphy","Water","None",600,100,100,100,100,100,100,4,FALSE
"550",550,"Darkrai","Darkrai","Dark","None",600,70,90,90,135,90,125,4,TRUE
"551",551,"Shaymin Land Forme","Shaymin Land Forme","Grass","None",600,100,100,100,100,100,100,4,TRUE
"552",552,"Shaymin Sky Forme","Shaymin Sky Forme","Grass","Flying",600,100,103,75,120,75,127,4,TRUE
"553",553,"Arceus","Arceus","Normal","None",720,120,120,120,120,120,120,4,TRUE
"554",554,"Victini","Victini","Psychic","Fire",600,100,100,100,100,100,100,5,TRUE
"555",555,"Snivy","Snivy","Grass","None",308,45,45,55,45,55,63,5,FALSE
"556",556,"Servine","Servine","Grass","None",413,60,60,75,60,75,83,5,FALSE
"557",557,"Serperior","Serperior","Grass","None",528,75,75,95,75,95,113,5,FALSE
"558",558,"Tepig","Tepig","Fire","None",308,65,63,45,45,45,45,5,FALSE
"559",559,"Pignite","Pignite","Fire","Fighting",418,90,93,55,70,55,55,5,FALSE
"560",560,"Emboar","Emboar","Fire","Fighting",528,110,123,65,100,65,65,5,FALSE
"561",561,"Oshawott","Oshawott","Water","None",308,55,55,45,63,45,45,5,FALSE
"562",562,"Dewott","Dewott","Water","None",413,75,75,60,83,60,60,5,FALSE
"563",563,"Samurott","Samurott","Water","None",528,95,100,85,108,70,70,5,FALSE
"564",564,"Patrat","Patrat","Normal","None",255,45,55,39,35,39,42,5,FALSE
"565",565,"Watchog","Watchog","Normal","None",420,60,85,69,60,69,77,5,FALSE
"566",566,"Lillipup","Lillipup","Normal","None",275,45,60,45,25,45,55,5,FALSE
"567",567,"Herdier","Herdier","Normal","None",370,65,80,65,35,65,60,5,FALSE
"568",568,"Stoutland","Stoutland","Normal","None",500,85,110,90,45,90,80,5,FALSE
"569",569,"Purrloin","Purrloin","Dark","None",281,41,50,37,50,37,66,5,FALSE
"570",570,"Liepard","Liepard","Dark","None",446,64,88,50,88,50,106,5,FALSE
"571",571,"Pansage","Pansage","Grass","None",316,50,53,48,53,48,64,5,FALSE
"572",572,"Simisage","Simisage","Grass","None",498,75,98,63,98,63,101,5,FALSE
"573",573,"Pansear","Pansear","Fire","None",316,50,53,48,53,48,64,5,FALSE
"574",574,"Simisear","Simisear","Fire","None",498,75,98,63,98,63,101,5,FALSE
"575",575,"Panpour","Panpour","Water","None",316,50,53,48,53,48,64,5,FALSE
"576",576,"Simipour","Simipour","Water","None",498,75,98,63,98,63,101,5,FALSE
"577",577,"Munna","Munna","Psychic","None",292,76,25,45,67,55,24,5,FALSE
"578",578,"Musharna","Musharna","Psychic","None",487,116,55,85,107,95,29,5,FALSE
"579",579,"Pidove","Pidove","Normal","Flying",264,50,55,50,36,30,43,5,FALSE
"580",580,"Tranquill","Tranquill","Normal","Flying",358,62,77,62,50,42,65,5,FALSE
"581",581,"Unfezant","Unfezant","Normal","Flying",488,80,115,80,65,55,93,5,FALSE
"582",582,"Blitzle","Blitzle","Electric","None",295,45,60,32,50,32,76,5,FALSE
"583",583,"Zebstrika","Zebstrika","Electric","None",497,75,100,63,80,63,116,5,FALSE
"584",584,"Roggenrola","Roggenrola","Rock","None",280,55,75,85,25,25,15,5,FALSE
"585",585,"Boldore","Boldore","Rock","None",390,70,105,105,50,40,20,5,FALSE
"586",586,"Gigalith","Gigalith","Rock","None",515,85,135,130,60,80,25,5,FALSE
"587",587,"Woobat","Woobat","Psychic","Flying",313,55,45,43,55,43,72,5,FALSE
"588",588,"Swoobat","Swoobat","Psychic","Flying",425,67,57,55,77,55,114,5,FALSE
"589",589,"Drilbur","Drilbur","Ground","None",328,60,85,40,30,45,68,5,FALSE
"590",590,"Excadrill","Excadrill","Ground","Steel",508,110,135,60,50,65,88,5,FALSE
"591",591,"Audino","Audino","Normal","None",445,103,60,86,60,86,50,5,FALSE
"592",592,"Mega Audino","Mega Audino","Normal","Fairy",545,103,60,126,80,126,50,5,FALSE
"593",593,"Timburr","Timburr","Fighting","None",305,75,80,55,25,35,35,5,FALSE
"594",594,"Gurdurr","Gurdurr","Fighting","None",405,85,105,85,40,50,40,5,FALSE
"595",595,"Conkeldurr","Conkeldurr","Fighting","None",505,105,140,95,55,65,45,5,FALSE
"596",596,"Tympole","Tympole","Water","None",294,50,50,40,50,40,64,5,FALSE
"597",597,"Palpitoad","Palpitoad","Water","Ground",384,75,65,55,65,55,69,5,FALSE
"598",598,"Seismitoad","Seismitoad","Water","Ground",509,105,95,75,85,75,74,5,FALSE
"599",599,"Throh","Throh","Fighting","None",465,120,100,85,30,85,45,5,FALSE
"600",600,"Sawk","Sawk","Fighting","None",465,75,125,75,30,75,85,5,FALSE
"601",601,"Sewaddle","Sewaddle","Bug","Grass",310,45,53,70,40,60,42,5,FALSE
"602",602,"Swadloon","Swadloon","Bug","Grass",380,55,63,90,50,80,42,5,FALSE
"603",603,"Leavanny","Leavanny","Bug","Grass",500,75,103,80,70,80,92,5,FALSE
"604",604,"Venipede","Venipede","Bug","Poison",260,30,45,59,30,39,57,5,FALSE
"605",605,"Whirlipede","Whirlipede","Bug","Poison",360,40,55,99,40,79,47,5,FALSE
"606",606,"Scolipede","Scolipede","Bug","Poison",485,60,100,89,55,69,112,5,FALSE
"607",607,"Cottonee","Cottonee","Grass","Fairy",280,40,27,60,37,50,66,5,FALSE
"608",608,"Whimsicott","Whimsicott","Grass","Fairy",480,60,67,85,77,75,116,5,FALSE
"609",609,"Petilil","Petilil","Grass","None",280,45,35,50,70,50,30,5,FALSE
"610",610,"Lilligant","Lilligant","Grass","None",480,70,60,75,110,75,90,5,FALSE
"611",611,"Basculin","Basculin","Water","None",460,70,92,65,80,55,98,5,FALSE
"612",612,"Sandile","Sandile","Ground","Dark",292,50,72,35,35,35,65,5,FALSE
"613",613,"Krokorok","Krokorok","Ground","Dark",351,60,82,45,45,45,74,5,FALSE
"614",614,"Krookodile","Krookodile","Ground","Dark",519,95,117,80,65,70,92,5,FALSE
"615",615,"Darumaka","Darumaka","Fire","None",315,70,90,45,15,45,50,5,FALSE
"616",616,"Darmanitan Standard Mode","Darmanitan Standard Mode","Fire","None",480,105,140,55,30,55,95,5,FALSE
"617",617,"Darmanitan Zen Mode","Darmanitan Zen Mode","Fire","Psychic",540,105,30,105,140,105,55,5,FALSE
"618",618,"Maractus","Maractus","Grass","None",461,75,86,67,106,67,60,5,FALSE
"619",619,"Dwebble","Dwebble","Bug","Rock",325,50,65,85,35,35,55,5,FALSE
"620",620,"Crustle","Crustle","Bug","Rock",475,70,95,125,65,75,45,5,FALSE
"621",621,"Scraggy","Scraggy","Dark","Fighting",348,50,75,70,35,70,48,5,FALSE
"622",622,"Scrafty","Scrafty","Dark","Fighting",488,65,90,115,45,115,58,5,FALSE
"623",623,"Sigilyph","Sigilyph","Psychic","Flying",490,72,58,80,103,80,97,5,FALSE
"624",624,"Yamask","Yamask","Ghost","None",303,38,30,85,55,65,30,5,FALSE
"625",625,"Cofagrigus","Cofagrigus","Ghost","None",483,58,50,145,95,105,30,5,FALSE
"626",626,"Tirtouga","Tirtouga","Water","Rock",355,54,78,103,53,45,22,5,FALSE
"627",627,"Carracosta","Carracosta","Water","Rock",495,74,108,133,83,65,32,5,FALSE
"628",628,"Archen","Archen","Rock","Flying",401,55,112,45,74,45,70,5,FALSE
"629",629,"Archeops","Archeops","Rock","Flying",567,75,140,65,112,65,110,5,FALSE
"630",630,"Trubbish","Trubbish","Poison","None",329,50,50,62,40,62,65,5,FALSE
"631",631,"Garbodor","Garbodor","Poison","None",474,80,95,82,60,82,75,5,FALSE
"632",632,"Zorua","Zorua","Dark","None",330,40,65,40,80,40,65,5,FALSE
"633",633,"Zoroark","Zoroark","Dark","None",510,60,105,60,120,60,105,5,FALSE
"634",634,"Minccino","Minccino","Normal","None",300,55,50,40,40,40,75,5,FALSE
"635",635,"Cinccino","Cinccino","Normal","None",470,75,95,60,65,60,115,5,FALSE
"636",636,"Gothita","Gothita","Psychic","None",290,45,30,50,55,65,45,5,FALSE
"637",637,"Gothorita","Gothorita","Psychic","None",390,60,45,70,75,85,55,5,FALSE
"638",638,"Gothitelle","Gothitelle","Psychic","None",490,70,55,95,95,110,65,5,FALSE
"639",639,"Solosis","Solosis","Psychic","None",290,45,30,40,105,50,20,5,FALSE
"640",640,"Duosion","Duosion","Psychic","None",370,65,40,50,125,60,30,5,FALSE
"641",641,"Reuniclus","Reuniclus","Psychic","None",490,110,65,75,125,85,30,5,FALSE
"642",642,"Ducklett","Ducklett","Water","Flying",305,62,44,50,44,50,55,5,FALSE
"643",643,"Swanna","Swanna","Water","Flying",473,75,87,63,87,63,98,5,FALSE
"644",644,"Vanillite","Vanillite","Ice","None",305,36,50,50,65,60,44,5,FALSE
"645",645,"Vanillish","Vanillish","Ice","None",395,51,65,65,80,75,59,5,FALSE
"646",646,"Vanilluxe","Vanilluxe","Ice","None",535,71,95,85,110,95,79,5,FALSE
"647",647,"Deerling","Deerling","Normal","Grass",335,60,60,50,40,50,75,5,FALSE
"648",648,"Sawsbuck","Sawsbuck","Normal","Grass",475,80,100,70,60,70,95,5,FALSE
"649",649,"Emolga","Emolga","Electric","Flying",428,55,75,60,75,60,103,5,FALSE
"650",650,"Karrablast","Karrablast","Bug","None",315,50,75,45,40,45,60,5,FALSE
"651",651,"Escavalier","Escavalier","Bug","Steel",495,70,135,105,60,105,20,5,FALSE
"652",652,"Foongus","Foongus","Grass","Poison",294,69,55,45,55,55,15,5,FALSE
"653",653,"Amoonguss","Amoonguss","Grass","Poison",464,114,85,70,85,80,30,5,FALSE
"654",654,"Frillish","Frillish","Water","Ghost",335,55,40,50,65,85,40,5,FALSE
"655",655,"Jellicent","Jellicent","Water","Ghost",480,100,60,70,85,105,60,5,FALSE
"656",656,"Alomomola","Alomomola","Water","None",470,165,75,80,40,45,65,5,FALSE
"657",657,"Joltik","Joltik","Bug","Electric",319,50,47,50,57,50,65,5,FALSE
"658",658,"Galvantula","Galvantula","Bug","Electric",472,70,77,60,97,60,108,5,FALSE
"659",659,"Ferroseed","Ferroseed","Grass","Steel",305,44,50,91,24,86,10,5,FALSE
"660",660,"Ferrothorn","Ferrothorn","Grass","Steel",489,74,94,131,54,116,20,5,FALSE
"661",661,"Klink","Klink","Steel","None",300,40,55,70,45,60,30,5,FALSE
"662",662,"Klang","Klang","Steel","None",440,60,80,95,70,85,50,5,FALSE
"663",663,"Klinklang","Klinklang","Steel","None",520,60,100,115,70,85,90,5,FALSE
"664",664,"Tynamo","Tynamo","Electric","None",275,35,55,40,45,40,60,5,FALSE
"665",665,"Eelektrik","Eelektrik","Electric","None",405,65,85,70,75,70,40,5,FALSE
"666",666,"Eelektross","Eelektross","Electric","None",515,85,115,80,105,80,50,5,FALSE
"667",667,"Elgyem","Elgyem","Psychic","None",335,55,55,55,85,55,30,5,FALSE
"668",668,"Beheeyem","Beheeyem","Psychic","None",485,75,75,75,125,95,40,5,FALSE
"669",669,"Litwick","Litwick","Ghost","Fire",275,50,30,55,65,55,20,5,FALSE
"670",670,"Lampent","Lampent","Ghost","Fire",370,60,40,60,95,60,55,5,FALSE
"671",671,"Chandelure","Chandelure","Ghost","Fire",520,60,55,90,145,90,80,5,FALSE
"672",672,"Axew","Axew","Dragon","None",320,46,87,60,30,40,57,5,FALSE
"673",673,"Fraxure","Fraxure","Dragon","None",410,66,117,70,40,50,67,5,FALSE
"674",674,"Haxorus","Haxorus","Dragon","None",540,76,147,90,60,70,97,5,FALSE
"675",675,"Cubchoo","Cubchoo","Ice","None",305,55,70,40,60,40,40,5,FALSE
"676",676,"Beartic","Beartic","Ice","None",485,95,110,80,70,80,50,5,FALSE
"677",677,"Cryogonal","Cryogonal","Ice","None",485,70,50,30,95,135,105,5,FALSE
"678",678,"Shelmet","Shelmet","Bug","None",305,50,40,85,40,65,25,5,FALSE
"679",679,"Accelgor","Accelgor","Bug","None",495,80,70,40,100,60,145,5,FALSE
"680",680,"Stunfisk","Stunfisk","Ground","Electric",471,109,66,84,81,99,32,5,FALSE
"681",681,"Mienfoo","Mienfoo","Fighting","None",350,45,85,50,55,50,65,5,FALSE
"682",682,"Mienshao","Mienshao","Fighting","None",510,65,125,60,95,60,105,5,FALSE
"683",683,"Druddigon","Druddigon","Dragon","None",485,77,120,90,60,90,48,5,FALSE
"684",684,"Golett","Golett","Ground","Ghost",303,59,74,50,35,50,35,5,FALSE
"685",685,"Golurk","Golurk","Ground","Ghost",483,89,124,80,55,80,55,5,FALSE
"686",686,"Pawniard","Pawniard","Dark","Steel",340,45,85,70,40,40,60,5,FALSE
"687",687,"Bisharp","Bisharp","Dark","Steel",490,65,125,100,60,70,70,5,FALSE
"688",688,"Bouffalant","Bouffalant","Normal","None",490,95,110,95,40,95,55,5,FALSE
"689",689,"Rufflet","Rufflet","Normal","Flying",350,70,83,50,37,50,60,5,FALSE
"690",690,"Braviary","Braviary","Normal","Flying",510,100,123,75,57,75,80,5,FALSE
"691",691,"Vullaby","Vullaby","Dark","Flying",370,70,55,75,45,65,60,5,FALSE
"692",692,"Mandibuzz","Mandibuzz","Dark","Flying",510,110,65,105,55,95,80,5,FALSE
"693",693,"Heatmor","Heatmor","Fire","None",484,85,97,66,105,66,65,5,FALSE
"694",694,"Durant","Durant","Bug","Steel",484,58,109,112,48,48,109,5,FALSE
"695",695,"Deino","Deino","Dark","Dragon",300,52,65,50,45,50,38,5,FALSE
"696",696,"Zweilous","Zweilous","Dark","Dragon",420,72,85,70,65,70,58,5,FALSE
"697",697,"Hydreigon","Hydreigon","Dark","Dragon",600,92,105,90,125,90,98,5,FALSE
"698",698,"Larvesta","Larvesta","Bug","Fire",360,55,85,55,50,55,60,5,FALSE
"699",699,"Volcarona","Volcarona","Bug","Fire",550,85,60,65,135,105,100,5,FALSE
"700",700,"Cobalion","Cobalion","Steel","Fighting",580,91,90,129,90,72,108,5,TRUE
"701",701,"Terrakion","Terrakion","Rock","Fighting",580,91,129,90,72,90,108,5,TRUE
"702",702,"Virizion","Virizion","Grass","Fighting",580,91,90,72,90,129,108,5,TRUE
"703",703,"Tornadus Incarnate Forme","Tornadus Incarnate Forme","Flying","None",580,79,115,70,125,80,111,5,TRUE
"704",704,"Tornadus Therian Forme","Tornadus Therian Forme","Flying","None",580,79,100,80,110,90,121,5,TRUE
"705",705,"Thundurus Incarnate Forme","Thundurus Incarnate Forme","Electric","Flying",580,79,115,70,125,80,111,5,TRUE
"706",706,"Thundurus Therian Forme","Thundurus Therian Forme","Electric","Flying",580,79,105,70,145,80,101,5,TRUE
"707",707,"Reshiram","Reshiram","Dragon","Fire",680,100,120,100,150,120,90,5,TRUE
"708",708,"Zekrom","Zekrom","Dragon","Electric",680,100,150,120,120,100,90,5,TRUE
"709",709,"Landorus Incarnate Forme","Landorus Incarnate Forme","Ground","Flying",600,89,125,90,115,80,101,5,TRUE
"710",710,"Landorus Therian Forme","Landorus Therian Forme","Ground","Flying",600,89,145,90,105,80,91,5,TRUE
"711",711,"Kyurem","Kyurem","Dragon","Ice",660,125,130,90,130,90,95,5,TRUE
"712",712,"Kyurem Black Kyurem","Kyurem Black Kyurem","Dragon","Ice",700,125,170,100,120,90,95,5,TRUE
"713",713,"Kyurem White Kyurem","Kyurem White Kyurem","Dragon","Ice",700,125,120,90,170,100,95,5,TRUE
"714",714,"Keldeo Ordinary Forme","Keldeo Ordinary Forme","Water","Fighting",580,91,72,90,129,90,108,5,FALSE
"715",715,"Keldeo Resolute Forme","Keldeo Resolute Forme","Water","Fighting",580,91,72,90,129,90,108,5,FALSE
"716",716,"Meloetta Aria Forme","Meloetta Aria Forme","Normal","Psychic",600,100,77,77,128,128,90,5,FALSE
"717",717,"Meloetta Pirouette Forme","Meloetta Pirouette Forme","Normal","Fighting",600,100,128,90,77,77,128,5,FALSE
"718",718,"Genesect","Genesect","Bug","Steel",600,71,120,95,120,95,99,5,FALSE
"719",719,"Chespin","Chespin","Grass","None",313,56,61,65,48,45,38,6,FALSE
"720",720,"Quilladin","Quilladin","Grass","None",405,61,78,95,56,58,57,6,FALSE
"721",721,"Chesnaught","Chesnaught","Grass","Fighting",530,88,107,122,74,75,64,6,FALSE
"722",722,"Fennekin","Fennekin","Fire","None",307,40,45,40,62,60,60,6,FALSE
"723",723,"Braixen","Braixen","Fire","None",409,59,59,58,90,70,73,6,FALSE
"724",724,"Delphox","Delphox","Fire","Psychic",534,75,69,72,114,100,104,6,FALSE
"725",725,"Froakie","Froakie","Water","None",314,41,56,40,62,44,71,6,FALSE
"726",726,"Frogadier","Frogadier","Water","None",405,54,63,52,83,56,97,6,FALSE
"727",727,"Greninja","Greninja","Water","Dark",530,72,95,67,103,71,122,6,FALSE
"728",728,"Bunnelby","Bunnelby","Normal","None",237,38,36,38,32,36,57,6,FALSE
"729",729,"Diggersby","Diggersby","Normal","Ground",423,85,56,77,50,77,78,6,FALSE
"730",730,"Fletchling","Fletchling","Normal","Flying",278,45,50,43,40,38,62,6,FALSE
"731",731,"Fletchinder","Fletchinder","Fire","Flying",382,62,73,55,56,52,84,6,FALSE
"732",732,"Talonflame","Talonflame","Fire","Flying",499,78,81,71,74,69,126,6,FALSE
"733",733,"Scatterbug","Scatterbug","Bug","None",200,38,35,40,27,25,35,6,FALSE
"734",734,"Spewpa","Spewpa","Bug","None",213,45,22,60,27,30,29,6,FALSE
"735",735,"Vivillon","Vivillon","Bug","Flying",411,80,52,50,90,50,89,6,FALSE
"736",736,"Litleo","Litleo","Fire","Normal",369,62,50,58,73,54,72,6,FALSE
"737",737,"Pyroar","Pyroar","Fire","Normal",507,86,68,72,109,66,106,6,FALSE
"738",738,"Flabebe","Flabebe","Fairy","None",303,44,38,39,61,79,42,6,FALSE
"739",739,"Floette","Floette","Fairy","None",371,54,45,47,75,98,52,6,FALSE
"740",740,"Florges","Florges","Fairy","None",552,78,65,68,112,154,75,6,FALSE
"741",741,"Skiddo","Skiddo","Grass","None",350,66,65,48,62,57,52,6,FALSE
"742",742,"Gogoat","Gogoat","Grass","None",531,123,100,62,97,81,68,6,FALSE
"743",743,"Pancham","Pancham","Fighting","None",348,67,82,62,46,48,43,6,FALSE
"744",744,"Pangoro","Pangoro","Fighting","Dark",495,95,124,78,69,71,58,6,FALSE
"745",745,"Furfrou","Furfrou","Normal","None",472,75,80,60,65,90,102,6,FALSE
"746",746,"Espurr","Espurr","Psychic","None",355,62,48,54,63,60,68,6,FALSE
"747",747,"Meowstic Male","Meowstic Male","Psychic","None",466,74,48,76,83,81,104,6,FALSE
"748",748,"Meowstic Female","Meowstic Female","Psychic","None",466,74,48,76,83,81,104,6,FALSE
"749",749,"Honedge","Honedge","Steel","Ghost",325,45,80,100,35,37,28,6,FALSE
"750",750,"Doublade","Doublade","Steel","Ghost",448,59,110,150,45,49,35,6,FALSE
"751",751,"Aegislash Blade Forme","Aegislash Blade Forme","Steel","Ghost",520,60,150,50,150,50,60,6,FALSE
"752",752,"Aegislash Shield Forme","Aegislash Shield Forme","Steel","Ghost",520,60,50,150,50,150,60,6,FALSE
"753",753,"Spritzee","Spritzee","Fairy","None",341,78,52,60,63,65,23,6,FALSE
"754",754,"Aromatisse","Aromatisse","Fairy","None",462,101,72,72,99,89,29,6,FALSE
"755",755,"Swirlix","Swirlix","Fairy","None",341,62,48,66,59,57,49,6,FALSE
"756",756,"Slurpuff","Slurpuff","Fairy","None",480,82,80,86,85,75,72,6,FALSE
"757",757,"Inkay","Inkay","Dark","Psychic",288,53,54,53,37,46,45,6,FALSE
"758",758,"Malamar","Malamar","Dark","Psychic",482,86,92,88,68,75,73,6,FALSE
"759",759,"Binacle","Binacle","Rock","Water",306,42,52,67,39,56,50,6,FALSE
"760",760,"Barbaracle","Barbaracle","Rock","Water",500,72,105,115,54,86,68,6,FALSE
"761",761,"Skrelp","Skrelp","Poison","Water",320,50,60,60,60,60,30,6,FALSE
"762",762,"Dragalge","Dragalge","Poison","Dragon",494,65,75,90,97,123,44,6,FALSE
"763",763,"Clauncher","Clauncher","Water","None",330,50,53,62,58,63,44,6,FALSE
"764",764,"Clawitzer","Clawitzer","Water","None",500,71,73,88,120,89,59,6,FALSE
"765",765,"Helioptile","Helioptile","Electric","Normal",289,44,38,33,61,43,70,6,FALSE
"766",766,"Heliolisk","Heliolisk","Electric","Normal",481,62,55,52,109,94,109,6,FALSE
"767",767,"Tyrunt","Tyrunt","Rock","Dragon",362,58,89,77,45,45,48,6,FALSE
"768",768,"Tyrantrum","Tyrantrum","Rock","Dragon",521,82,121,119,69,59,71,6,FALSE
"769",769,"Amaura","Amaura","Rock","Ice",362,77,59,50,67,63,46,6,FALSE
"770",770,"Aurorus","Aurorus","Rock","Ice",521,123,77,72,99,92,58,6,FALSE
"771",771,"Sylveon","Sylveon","Fairy","None",525,95,65,65,110,130,60,6,FALSE
"772",772,"Hawlucha","Hawlucha","Fighting","Flying",500,78,92,75,74,63,118,6,FALSE
"773",773,"Dedenne","Dedenne","Electric","Fairy",431,67,58,57,81,67,101,6,FALSE
"774",774,"Carbink","Carbink","Rock","Fairy",500,50,50,150,50,150,50,6,FALSE
"775",775,"Goomy","Goomy","Dragon","None",300,45,50,35,55,75,40,6,FALSE
"776",776,"Sliggoo","Sliggoo","Dragon","None",452,68,75,53,83,113,60,6,FALSE
"777",777,"Goodra","Goodra","Dragon","None",600,90,100,70,110,150,80,6,FALSE
"778",778,"Klefki","Klefki","Steel","Fairy",470,57,80,91,80,87,75,6,FALSE
"779",779,"Phantump","Phantump","Ghost","Grass",309,43,70,48,50,60,38,6,FALSE
"780",780,"Trevenant","Trevenant","Ghost","Grass",474,85,110,76,65,82,56,6,FALSE
"781",781,"Pumpkaboo Average Size","Pumpkaboo Average Size","Ghost","Grass",335,49,66,70,44,55,51,6,FALSE
"782",782,"Pumpkaboo Small Size","Pumpkaboo Small Size","Ghost","Grass",335,44,66,70,44,55,56,6,FALSE
"783",783,"Pumpkaboo Large Size","Pumpkaboo Large Size","Ghost","Grass",335,54,66,70,44,55,46,6,FALSE
"784",784,"Pumpkaboo Super Size","Pumpkaboo Super Size","Ghost","Grass",335,59,66,70,44,55,41,6,FALSE
"785",785,"Gourgeist Average Size","Gourgeist Average Size","Ghost","Grass",494,65,90,122,58,75,84,6,FALSE
"786",786,"Gourgeist Small Size","Gourgeist Small Size","Ghost","Grass",494,55,85,122,58,75,99,6,FALSE
"787",787,"Gourgeist Large Size","Gourgeist Large Size","Ghost","Grass",494,75,95,122,58,75,69,6,FALSE
"788",788,"Gourgeist Super Size","Gourgeist Super Size","Ghost","Grass",494,85,100,122,58,75,54,6,FALSE
"789",789,"Bergmite","Bergmite","Ice","None",304,55,69,85,32,35,28,6,FALSE
"790",790,"Avalugg","Avalugg","Ice","None",514,95,117,184,44,46,28,6,FALSE
"791",791,"Noibat","Noibat","Flying","Dragon",245,40,30,35,45,40,55,6,FALSE
"792",792,"Noivern","Noivern","Flying","Dragon",535,85,70,80,97,80,123,6,FALSE
"793",793,"Xerneas","Xerneas","Fairy","None",680,126,131,95,131,98,99,6,TRUE
"794",794,"Yveltal","Yveltal","Dark","Flying",680,126,131,95,131,98,99,6,TRUE
"795",795,"Zygarde  Forme","Zygarde 50% Forme","Dragon","Ground",600,108,100,121,81,95,95,6,TRUE
"796",796,"Diancie","Diancie","Rock","Fairy",600,50,100,150,100,150,50,6,TRUE
"797",797,"Mega Diancie","Mega Diancie","Rock","Fairy",700,50,160,110,160,110,110,6,TRUE
"798",798,"Hoopa Hoopa Confined","Hoopa Hoopa Confined","Psychic","Ghost",600,80,110,60,150,130,70,6,TRUE
"799",799,"Hoopa Hoopa Unbound","Hoopa Hoopa Unbound","Psychic","Dark",680,80,160,60,170,130,80,6,TRUE
"800",800,"Volcanion","Volcanion","Fire","Water",600,80,110,120,130,90,70,6,TRUE
"801",801,"Rowlet","Rowlet","Grass","Flying",320,68,55,55,50,50,42,7,FALSE
"802",802,"Dartrix","Dartrix","Grass","Flying",420,78,75,75,70,70,52,7,FALSE
"803",803,"Decidueye","Decidueye","Grass","Ghost",530,78,107,75,100,100,70,7,FALSE
"804",804,"Litten","Litten","Fire","None",320,45,65,40,60,40,70,7,FALSE
"805",805,"Torracat","Torracat","Fire","None",420,65,85,50,80,50,90,7,FALSE
"806",806,"Inceroar","Inceroar","Fire","None",530,95,115,90,80,90,60,7,FALSE
"807",807,"Popolio","Popolio","Water","None",320,50,54,54,66,56,40,7,FALSE
"808",808,"Brionne","Brionne","Water","None",420,60,69,69,91,81,50,7,FALSE
"809",809,"Primarina","Primarina","Water","None",530,80,74,74,126,116,60,7,FALSE
"810",810,"Pikipek","Pikipek","Normal","Flying",265,35,75,30,30,30,65,7,FALSE
"811",811,"Trumbeak","Trumbeak","Normal","Flying",355,55,85,50,40,50,75,7,FALSE
"812",812,"Toucannon","Toucannon","Normal","Flying",485,80,120,75,75,75,60,7,FALSE
"813",813,"Yungoos","Yungoos","Normal","None",253,48,70,30,30,30,45,7,FALSE
"814",814,"Gumshoos","Gumshoos","Normal","None",418,88,110,60,55,60,45,7,FALSE
"815",815,"Grubbin","Grubbin","Bug","None",300,47,62,45,55,45,46,7,FALSE
"816",816,"Charjabug","Charjabug","Bug","Electric",400,57,82,95,55,75,36,7,FALSE
"817",817,"Vikavolt","Vikavolt","Bug","Electric",500,77,70,90,145,75,43,7,FALSE
"818",818,"Crabrawler","Crabrawler","Fighting","None",338,47,82,57,42,47,63,7,FALSE
"819",819,"Crabominable","Crabominable","Fighting","Ice",478,97,132,77,62,67,43,7,FALSE
"820",820,"Oricorio Baile Style","Oricorio Baile Style","Fire","Flying",476,75,70,70,98,70,93,7,FALSE
"821",821,"Oricorio PomPom Style","Oricorio Pom-Pom Style","Electric","Flying",476,75,70,70,98,70,93,7,FALSE
"822",822,"Oricorio Pau Style","Oricorio Pa'u Style","Psychic","Flying",476,75,70,70,98,70,93,7,FALSE
"823",823,"Cutiefly","Cutiefly","Bug","Fairy",304,40,45,40,55,40,84,7,FALSE
"824",824,"Riombee","Riombee","Bug","Fairy",464,60,55,60,95,70,124,7,FALSE
"825",825,"Rockruff","Rockruff","Rock","None",280,45,65,40,30,40,60,7,FALSE
"826",826,"Lycanroc Midday Form","Lycanroc Midday Form","Rock","None",487,75,115,65,55,65,112,7,FALSE
"827",827,"Lycanroc Midnight Form","Lycanroc Midnight Form","Rock","None",487,85,115,75,55,75,82,7,FALSE
"828",828,"Wishiwashi Solo Form","Wishiwashi Solo Form","Water","None",175,45,20,20,25,25,40,7,FALSE
"829",829,"Wishiwashi School Form","Wishiwashi School Form","Water","None",620,45,140,130,140,135,30,7,FALSE
"830",830,"Mareanie","Mareanie","Poison","Water",305,50,53,62,43,52,45,7,FALSE
"831",831,"Toxapex","Toxapex","Poison","Water",495,50,63,152,53,142,35,7,FALSE
"832",832,"Mudbray","Mudbray","Ground","None",385,70,100,70,45,55,45,7,FALSE
"833",833,"Mudsdale","Mudsdale","Ground","None",500,100,125,100,55,85,35,7,FALSE
"834",834,"Dewpider","Dewpider","Water","Bug",269,38,40,52,40,72,27,7,FALSE
"835",835,"Araquanid","Araquanid","Water","Bug",454,68,70,92,50,132,42,7,FALSE
"836",836,"Fomantis","Fomantis","Grass","None",250,40,55,35,50,35,35,7,FALSE
"837",837,"Lurantis","Lurantis","Grass","None",480,70,105,90,80,90,45,7,FALSE
"838",838,"Morelull","Morelull","Grass","Fairy",285,40,35,55,65,75,15,7,FALSE
"839",839,"Shiinotic","Shiinotic","Grass","Fairy",405,60,45,80,90,100,30,7,FALSE
"840",840,"Salandit","Salandit","Poison","Fire",320,48,44,40,71,40,77,7,FALSE
"841",841,"Salazzle","Salazzle","Poison","Fire",480,68,64,60,111,60,117,7,FALSE
"842",842,"Stufful","Stufful","Normal","Fighting",340,70,75,50,45,50,50,7,FALSE
"843",843,"Bewear","Bewear","Normal","Fighting",500,120,125,80,55,60,60,7,FALSE
"844",844,"Bounsweet","Bounsweet","Grass","None",210,42,30,38,30,38,32,7,FALSE
"845",845,"Steenee","Steenee","Grass","None",290,52,40,48,40,48,62,7,FALSE
"846",846,"Tsareena","Tsareena","Grass","None",510,72,120,98,50,98,72,7,FALSE
"847",847,"Comfey","Comfey","Fairy","None",485,51,52,90,82,110,100,7,FALSE
"848",848,"Oranguru","Oranguru","Normal","Psychic",490,90,60,80,90,110,60,7,FALSE
"849",849,"Passimian","Passimian","Fighting","None",490,100,120,90,40,60,80,7,FALSE
"850",850,"Wimpod","Wimpod","Bug","Water",230,25,35,40,20,30,80,7,FALSE
"851",851,"Golisopod","Golisopod","Bug","Water",530,75,125,140,60,90,40,7,FALSE
"852",852,"Sandygast","Sandygast","Ghost","Ground",320,55,55,80,70,45,15,7,FALSE
"853",853,"Pallosand","Pallosand","Ghost","Ground",480,85,75,110,100,75,35,7,FALSE
"854",854,"Pyukumuku","Pyukumuku","Water","None",410,55,60,130,30,130,5,7,FALSE
"855",855,"TypeNull","Type:Null","Normal","None",534,95,95,95,95,95,59,7,TRUE
"856",856,"Silvally","Silvally","Normal","None",570,95,95,95,95,95,95,7,TRUE
"857",857,"Minior Meteor Form","Minior Meteor Form","Rock","Flying",440,60,60,100,60,100,60,7,FALSE
"858",858,"Minor Core Form","Minor Core Form","Rock","Flying",500,60,100,60,100,60,120,7,FALSE
"859",859,"Komala","Komala","Normal","None",480,65,115,65,75,95,65,7,FALSE
"860",860,"Turtonator","Turtonator","Fire","Dragon",485,60,78,135,91,85,36,7,FALSE
"861",861,"Togedemaru","Togedemaru","Electric","Steel",435,65,98,63,40,73,96,7,FALSE
"862",862,"Mimikyu","Mimikyu","Ghost","Fairy",476,55,90,80,50,105,96,7,FALSE
"863",863,"Bruxish","Bruxish","Water","Psychic",475,68,105,70,70,70,92,7,FALSE
"864",864,"Drampa","Drampa","Normal","Dragon",485,78,60,85,135,91,36,7,FALSE
"865",865,"Dhelmise","Dhelmise","Ghost","Grass",517,70,131,100,86,90,40,7,FALSE
"866",866,"Jangmoo","Jangmo-o","Dragon","None",300,45,55,65,45,45,45,7,FALSE
"867",867,"Hakamoo","Hakamo-o","Dragon","Fighting",420,55,75,90,65,70,65,7,FALSE
"868",868,"Kommoo","Kommo-o","Dragon","Fighting",600,75,110,125,100,105,85,7,FALSE
"869",869,"Tapu Koko","Tapu Koko","Electric","Fairy",570,70,115,85,95,75,130,7,TRUE
"870",870,"Tapu Lele","Tapu Lele","Psychic","Fairy",570,70,85,75,130,115,95,7,TRUE
"871",871,"Tapu Bulu","Tapu Bulu","Grass","Fairy",570,70,130,115,85,95,75,7,TRUE
"872",872,"Tapu Fini","Tapu Fini","Water","Fairy",570,70,75,115,95,130,85,7,TRUE
"873",873,"Cosmog","Cosmog","Psychic","None",200,43,29,31,29,31,37,7,TRUE
"874",874,"Cosmoem","Cosmoem","Psychic","None",400,43,29,131,29,131,37,7,TRUE
"875",875,"Solgaleo","Solgaleo","Psychic","Steel",680,137,137,107,113,89,97,7,TRUE
"876",876,"Lunala","Lunala","Psychic","Ghost",680,137,113,89,137,107,97,7,TRUE
"877",877,"Nihilego","Nihilego","Rock","Poison",570,109,53,47,127,131,103,7,FALSE
"878",878,"Buzzwole","Buzzwole","Bug","Fighting",570,107,139,139,53,53,79,7,FALSE
"879",879,"Pheromosa","Pheromosa","Bug","Fighting",570,71,137,37,137,37,151,7,FALSE
"880",880,"Xuriktree","Xuriktree","Electric","None",570,83,89,71,173,71,83,7,FALSE
"881",881,"Celesteela","Celesteela","Steel","Flying",570,97,101,103,107,101,61,7,FALSE
"882",882,"Kartana","Kartana","Grass","Steel",570,59,181,131,59,31,109,7,FALSE
"883",883,"Guzzlord","Guzzlord","Dark","Dragon",570,223,101,53,97,53,43,7,FALSE
"884",884,"Necrozma","Necrozma","Psychic","None",600,97,107,101,127,89,79,7,TRUE
"885",885,"Necrozma Dusk Mane","Necrozma Dusk Mane","Psychic","Steel",680,97,157,127,113,109,77,7,TRUE
"886",886,"Necrozma Dawn Wings","Necrozma Dawn Wings","Psychic","Ghost",680,97,113,109,157,127,77,7,TRUE
"887",887,"NecrozmaUltra","NecrozmaUltra","Psychic","Dragon",754,97,167,97,167,97,129,7,TRUE
"888",888,"Magearna","Magearna","Steel","Fairy",600,80,95,115,130,115,65,7,FALSE
"889",889,"Marshadow","Marshadow","Fighting","Ghost",600,90,125,80,90,90,125,7,FALSE
"890",890,"Poipole","Poipole","Poison","None",420,67,73,67,73,67,73,7,FALSE
"891",891,"Naganadel","Naganadel","Poison","Dragon",540,73,73,73,127,73,121,7,FALSE
"892",892,"Stakataka","Stakataka","Rock","Steel",570,61,131,211,53,101,13,7,FALSE
"893",893,"Blacephalon","Blacephalon","Fire","Ghost",570,53,127,53,151,79,107,7,FALSE
"894",894,"Zenaora","Zenaora","Electric","None",600,88,112,75,102,80,143,7,FALSE
